category_l1,date,period,quantity,revenue,num_orders,num_customers
Baby and Toddler,2025-06-30,H2,76289,10896201.68,109,93
Baby and Toddler,2025-07-01,H2,3735,1315554.0,7,7
Baby and Toddler,2025-07-02,H2,2396,420197.0,9,9
Baby and Toddler,2025-07-03,H2,6447,1229682.0,15,15
Baby and Toddler,2025-07-04,H2,8712,1453217.0,17,17
Baby and Toddler,2025-07-05,H2,3223,830845.0,6,6
Baby and Toddler,2025-07-07,H2,8166,1625542.0,12,12
Baby and Toddler,2025-07-08,H2,7063,1971962.22,19,17
Baby and Toddler,2025-07-09,H2,18806,4064834.75,37,37
Baby and Toddler,2025-07-10,H2,13877,2924127.22,24,22
Baby and Toddler,2025-07-11,H2,13181,2361275.72,22,22
Baby and Toddler,2025-07-12,H2,8568,1613467.22,19,19
Baby and Toddler,2025-07-14,H2,11259,2249103.75,14,14
Baby and Toddler,2025-07-15,H2,4300,809421.0,11,11
Baby and Toddler,2025-07-16,H2,6369,967486.72,13,13
Baby and Toddler,2025-07-17,H2,13918,2259303.5,27,26
Baby and Toddler,2025-07-18,H2,8743,1705812.04,19,17
Baby and Toddler,2025-07-19,H2,6060,1603957.0,6,6
Baby and Toddler,2025-07-21,H2,8331,1582769.5,15,15
Baby and Toddler,2025-07-22,H2,10677,1980731.04,23,23
Baby and Toddler,2025-07-23,H2,13413,2474332.5,20,20
Baby and Toddler,2025-07-24,H2,10138,2002393.54,29,27
Baby and Toddler,2025-07-25,H2,6838,1568317.0,24,23
Baby and Toddler,2025-07-26,H2,17432,2876255.97,23,22
Baby and Toddler,2025-07-28,H2,15933,3067357.71,27,27
Baby and Toddler,2025-07-29,H2,12505,2467177.54,27,25
Baby and Toddler,2025-07-30,H2,11442,2370845.08,29,28
Baby and Toddler,2025-07-31,H2,15357,2966262.03,30,27
Baby and Toddler,2025-08-01,H2,11439,2120447.48,17,17
Baby and Toddler,2025-08-02,H2,7308,1464163.94,18,18
Baby and Toddler,2025-08-04,H2,14918,2766293.72,32,32
Baby and Toddler,2025-08-05,H2,11393,2018689.61,20,20
Baby and Toddler,2025-08-06,H2,13479,2348462.5,22,21
Baby and Toddler,2025-08-07,H2,11196,2545809.1,25,25
Baby and Toddler,2025-08-08,H2,28402,5143232.27,68,67
Baby and Toddler,2025-08-09,H2,16000,2818048.75,61,60
Baby and Toddler,2025-08-11,H2,62219,9536025.01,149,119
Baby and Toddler,2025-08-12,H2,35908,6013587.35,66,57
Baby and Toddler,2025-08-13,H2,25653,4389731.75,68,60
Baby and Toddler,2025-08-14,H2,24117,4794001.78,56,55
Baby and Toddler,2025-08-15,H2,19946,3454162.8,61,59
Baby and Toddler,2025-08-16,H2,15694,2735835.33,54,47
Baby and Toddler,2025-08-18,H2,23950,4091921.97,57,50
Baby and Toddler,2025-08-19,H2,18677,3055182.21,58,54
Baby and Toddler,2025-08-20,H2,17707,3208496.18,57,51
Baby and Toddler,2025-08-21,H2,18086,3344269.89,61,56
Baby and Toddler,2025-08-22,H2,14632,2340188.09,58,52
Baby and Toddler,2025-08-23,H2,14032,2519647.25,49,45
Baby and Toddler,2025-08-25,H2,17440,3027531.17,56,53
Baby and Toddler,2025-08-26,H2,12009,2551853.34,62,56
Baby and Toddler,2025-08-27,H2,18760,3287868.01,61,55
Baby and Toddler,2025-08-28,H2,19933,3351834.47,68,63
Baby and Toddler,2025-08-29,H2,26399,4767579.65,104,96
Baby and Toddler,2025-08-30,H2,26295,4404791.2,69,65
Baby and Toddler,2025-09-01,H2,18370,3340948.1,25,25
Baby and Toddler,2025-09-02,H2,29144,4625984.92,36,35
Baby and Toddler,2025-09-03,H2,30995,5558084.05,38,37
Baby and Toddler,2025-09-04,H2,42242,6551669.96,47,45
Baby and Toddler,2025-09-05,H2,18920,3318363.65,30,30
Baby and Toddler,2025-09-06,H2,7944,1667162.72,15,15
Baby and Toddler,2025-09-08,H2,7885,1666091.7,23,23
Baby and Toddler,2025-09-09,H2,23078,4162586.07,38,37
Baby and Toddler,2025-09-10,H2,23553,3999286.93,56,51
Baby and Toddler,2025-09-11,H2,23367,4587179.35,60,57
Baby and Toddler,2025-09-12,H2,12527,2347398.3,15,15
Baby and Toddler,2025-09-13,H2,15510,2349679.39,24,24
Baby and Toddler,2025-09-15,H2,15680,2644827.45,25,25
Baby and Toddler,2025-09-16,H2,12925,2158758.54,26,26
Baby and Toddler,2025-09-17,H2,24766,4528537.75,42,41
Baby and Toddler,2025-09-18,H2,17171,3055258.4,33,31
Baby and Toddler,2025-09-19,H2,15020,2856634.5,17,17
Baby and Toddler,2025-09-20,H2,17034,3176794.9,32,32
Baby and Toddler,2025-09-22,H2,12299,2085266.5,15,15
Baby and Toddler,2025-09-23,H2,15846,2645217.5,39,38
Baby and Toddler,2025-09-24,H2,12815,2295478.35,24,24
Baby and Toddler,2025-09-25,H2,15550,2853657.5,22,22
Baby and Toddler,2025-09-26,H2,12982,2297122.2,15,15
Baby and Toddler,2025-09-27,H2,22172,3523792.92,45,41
Baby and Toddler,2025-09-29,H2,17188,3050392.3,39,36
Baby and Toddler,2025-09-30,H2,42694,6954338.41,95,87
Baby and Toddler,2025-10-01,H2,7923,1375371.7,20,20
Baby and Toddler,2025-10-02,H2,14131,2443254.79,29,26
Baby and Toddler,2025-10-03,H2,20048,3213675.86,30,29
Baby and Toddler,2025-10-04,H2,9090,1478026.74,15,15
Baby and Toddler,2025-10-06,H2,19993,3896114.05,34,34
Baby and Toddler,2025-10-07,H2,12964,2311569.35,31,30
Baby and Toddler,2025-10-08,H2,26725,3942793.48,95,82
Baby and Toddler,2025-10-09,H2,16693,3210503.29,45,45
Baby and Toddler,2025-10-10,H2,15276,2606906.96,42,40
Baby and Toddler,2025-10-11,H2,5470,1108181.8,13,13
Baby and Toddler,2025-10-13,H2,12833,2364925.13,28,28
Baby and Toddler,2025-10-14,H2,17360,3195417.03,34,33
Baby and Toddler,2025-10-15,H2,15985,3033030.93,25,25
Baby and Toddler,2025-10-16,H2,17702,2845430.62,43,42
Baby and Toddler,2025-10-17,H2,13674,2535893.1,32,31
Baby and Toddler,2025-10-18,H2,3405,822624.75,7,7
Baby and Toddler,2025-10-20,H2,15864,3048651.94,46,44
Baby and Toddler,2025-10-21,H2,22465,4272143.6899999995,32,32
Baby and Toddler,2025-10-22,H2,15556,2724384.41,45,44
Baby and Toddler,2025-10-23,H2,21226,4173383.73,35,35
Baby and Toddler,2025-10-24,H2,14949,2375113.55,41,41
Baby and Toddler,2025-10-25,H2,31586,4738207.3,39,34
Baby and Toddler,2025-10-27,H2,11751,2229168.95,25,24
Baby and Toddler,2025-10-28,H2,16784,3414248.75,27,27
Baby and Toddler,2025-10-29,H2,25854,4288040.61,35,34
Baby and Toddler,2025-10-30,H2,28067,4391148.23,41,37
Baby and Toddler,2025-10-31,H2,40626,6367383.87,50,46
Baby and Toddler,2025-11-01,H2,24789,3160311.05,45,43
Baby and Toddler,2025-11-03,H2,29175,2251792.61,46,44
Baby and Toddler,2025-11-04,H2,26070,2229789.65,39,39
Baby and Toddler,2025-11-05,H2,22652,2305052.56,38,38
Baby and Toddler,2025-11-06,H2,29565,2534535.12,47,46
Baby and Toddler,2025-11-07,H2,26692,3056467.24,41,40
Baby and Toddler,2025-11-08,H2,15942,1618248.62,22,20
Baby and Toddler,2025-11-10,H2,24170,3194528.16,35,35
Baby and Toddler,2025-11-11,H2,12659,2243038.05,28,28
Baby and Toddler,2025-11-12,H2,32336,4478460.74,29,28
Baby and Toddler,2025-11-13,H2,33399,2473036.4,54,48
Baby and Toddler,2025-11-14,H2,11685,2946484.25,24,24
Baby and Toddler,2025-11-15,H2,39748,2402085.81,71,59
Baby and Toddler,2025-11-17,H2,54700,3524533.5300000003,74,60
Baby and Toddler,2025-11-18,H2,71236,3719604.49,90,63
Baby and Toddler,2025-11-19,H2,67133,3042499.0,76,60
Baby and Toddler,2025-11-20,H2,83807,3095689.36,98,81
Baby and Toddler,2025-11-21,H2,157078,6451869.25,140,97
Baby and Toddler,2025-11-22,H2,68005,2779542.73,59,52
Baby and Toddler,2025-11-24,H2,43409,1709933.33,56,50
Baby and Toddler,2025-11-25,H2,23119,2390692.09,47,44
Baby and Toddler,2025-11-26,H2,49761,2580001.73,59,53
Baby and Toddler,2025-11-27,H2,74529,4772190.28,61,54
Baby and Toddler,2025-11-28,H2,27377,2839872.87,31,31
Baby and Toddler,2025-11-29,H2,18121,1067005.12,24,24
Baby and Toddler,2025-12-01,H2,27178,4548605.28,59,56
Baby and Toddler,2025-12-02,H2,19551,3767561.7,39,39
Baby and Toddler,2025-12-03,H2,22217,4369469.84,44,42
Baby and Toddler,2025-12-04,H2,10412,1977296.2,28,28
Baby and Toddler,2025-12-05,H2,29990,5365865.53,52,50
Baby and Toddler,2025-12-06,H2,14699,2444718.23,29,29
Baby and Toddler,2025-12-08,H2,26140,4963161.48,55,50
Baby and Toddler,2025-12-09,H2,15773,3615845.08,60,58
Baby and Toddler,2025-12-10,H2,22764,3921257.39,43,43
Baby and Toddler,2025-12-11,H2,23598,5460238.47,57,55
Baby and Toddler,2025-12-12,H2,24257,4190329.42,46,45
Baby and Toddler,2025-12-13,H2,8430,1510535.56,36,36
Baby and Toddler,2025-12-15,H2,30037,5458936.92,66,60
Baby and Toddler,2025-12-16,H2,29597,4861283.24,55,55
Baby and Toddler,2025-12-17,H2,23764,4206785.08,58,58
Baby and Toddler,2025-12-18,H2,34276,6883020.33,68,64
Baby and Toddler,2025-12-19,H2,36146,6229092.3,90,80
Baby and Toddler,2025-12-20,H2,14662,2757125.01,64,64
Baby and Toddler,2025-12-22,H2,16356,2932183.5,29,29
Baby and Toddler,2025-12-23,H2,4,12150.0,1,1
Beverages,2025-06-30,H2,1704,148296.0,2,2
Beverages,2025-07-01,H2,12,1056.0,1,1
Beverages,2025-07-03,H2,494,88635.4,2,2
Beverages,2025-07-04,H2,492,88272.0,2,2
Beverages,2025-07-07,H2,1312,226956.0,3,3
Beverages,2025-07-08,H2,12,1056.0,1,1
Beverages,2025-07-09,H2,4845,847972.0,9,9
Beverages,2025-07-10,H2,2585,447640.0,5,5
Beverages,2025-07-11,H2,440,74496.0,3,3
Beverages,2025-07-14,H2,492,88272.0,2,2
Beverages,2025-07-15,H2,480,87216.0,1,1
Beverages,2025-07-16,H2,492,88272.0,2,2
Beverages,2025-07-17,H2,1311,225448.0,6,6
Beverages,2025-07-18,H2,36,3168.0,3,3
Beverages,2025-07-21,H2,2885,499251.0,7,7
Beverages,2025-07-22,H2,36,3168.0,3,3
Beverages,2025-07-23,H2,1281,222808.0,2,2
Beverages,2025-07-24,H2,38,3344.0,5,5
Beverages,2025-07-25,H2,3259,571462.7,5,5
Beverages,2025-07-26,H2,1537,267352.0,4,4
Beverages,2025-07-28,H2,4772,835113.3,10,10
Beverages,2025-07-29,H2,1294,223952.0,4,4
Beverages,2025-07-30,H2,1588,275355.5,6,6
Beverages,2025-07-31,H2,673,118910.9,4,4
Beverages,2025-08-01,H2,24,2112.0,1,1
Beverages,2025-08-02,H2,60,5256.0,3,3
Beverages,2025-08-04,H2,12,1032.0,1,1
Beverages,2025-08-05,H2,71,8709.0,3,3
Beverages,2025-08-06,H2,48,4224.0,2,2
Beverages,2025-08-07,H2,511,90441.0,3,3
Beverages,2025-08-08,H2,3980,675188.0,14,14
Beverages,2025-08-09,H2,5374,931502.0,12,12
Beverages,2025-08-11,H2,6208,1062127.25,32,31
Beverages,2025-08-12,H2,5064,879363.6,16,16
Beverages,2025-08-13,H2,1330,230954.5,8,8
Beverages,2025-08-14,H2,2036,351905.05,11,11
Beverages,2025-08-15,H2,1466,254570.90000000002,10,10
Beverages,2025-08-16,H2,4014,697031.1,9,8
Beverages,2025-08-18,H2,1649,286348.85,12,12
Beverages,2025-08-19,H2,1286,223227.25,8,8
Beverages,2025-08-20,H2,2152,372991.6,12,11
Beverages,2025-08-21,H2,2328,404257.2,11,11
Beverages,2025-08-22,H2,2961,512704.6,10,10
Beverages,2025-08-23,H2,481,82225.9,11,10
Beverages,2025-08-25,H2,756,129979.65,12,12
Beverages,2025-08-26,H2,903,156805.95,8,8
Beverages,2025-08-27,H2,2036,352078.35,10,10
Beverages,2025-08-28,H2,425,71808.3,6,6
Beverages,2025-08-29,H2,2747,475716.8,17,17
Beverages,2025-08-30,H2,633,109920.45,6,6
Beverages,2025-09-01,H2,29,2471.0,3,3
Beverages,2025-09-02,H2,63,8995.0,4,4
Beverages,2025-09-03,H2,3901,651321.8,5,5
Beverages,2025-09-04,H2,151,12891.0,13,12
Beverages,2025-09-05,H2,5853,999441.95,9,8
Beverages,2025-09-06,H2,18,1530.0,1,1
Beverages,2025-09-09,H2,4003,675078.6,9,9
Beverages,2025-09-10,H2,9422,1634753.05,11,11
Beverages,2025-09-11,H2,8701,1510389.3,8,8
Beverages,2025-09-12,H2,2720,472328.0,1,1
Beverages,2025-09-13,H2,7060,1200779.2,9,9
Beverages,2025-09-15,H2,4,344.0,1,1
Beverages,2025-09-16,H2,1874,322089.4,6,6
Beverages,2025-09-17,H2,4968,856929.05,8,8
Beverages,2025-09-18,H2,6780,1178809.55,7,5
Beverages,2025-09-20,H2,4472,767920.5,12,12
Beverages,2025-09-23,H2,4626,801650.9,10,9
Beverages,2025-09-24,H2,16,1376.0,2,2
Beverages,2025-09-27,H2,6065,1045925.85,11,11
Beverages,2025-09-29,H2,3150,541786.15,8,8
Beverages,2025-09-30,H2,7608,1278935.5,22,21
Beverages,2025-10-01,H2,2190,376176.0,2,2
Beverages,2025-10-02,H2,660,113520.0,1,1
Beverages,2025-10-04,H2,182,31304.0,1,1
Beverages,2025-10-07,H2,118,12232.0,2,2
Beverages,2025-10-08,H2,2800,459592.0,9,9
Beverages,2025-10-09,H2,105,9240.0,2,2
Beverages,2025-10-10,H2,106,9412.0,3,3
Beverages,2025-10-11,H2,9,1548.0,1,1
Beverages,2025-10-13,H2,225,21840.0,5,5
Beverages,2025-10-16,H2,338,48392.0,6,6
Beverages,2025-10-17,H2,17,1496.0,1,1
Beverages,2025-10-20,H2,536,87649.0,4,4
Beverages,2025-10-21,H2,485,75356.0,2,2
Beverages,2025-10-22,H2,837,143652.0,3,3
Beverages,2025-10-25,H2,5279,899924.0,4,4
Beverages,2025-10-28,H2,96,8448.0,1,1
Beverages,2025-10-29,H2,2755,473405.0,2,2
Beverages,2025-10-31,H2,359,61748.0,2,2
Beverages,2025-11-01,H2,4893,111071.1,2,2
Beverages,2025-11-03,H2,5153,201398.5,4,4
Beverages,2025-11-04,H2,92,14862.0,4,4
Beverages,2025-11-05,H2,72,11859.5,3,3
Beverages,2025-11-06,H2,68,11832.0,1,1
Beverages,2025-11-07,H2,2672,61993.6,3,3
Beverages,2025-11-08,H2,5308,141371.0,3,3
Beverages,2025-11-10,H2,53,7461.0,2,2
Beverages,2025-11-11,H2,2720,61744.0,1,1
Beverages,2025-11-12,H2,37,2904.5,4,4
Beverages,2025-11-13,H2,2430,64087.7,2,2
Beverages,2025-11-15,H2,5255,156939.7,5,5
Beverages,2025-11-17,H2,12669,287287.26,7,7
Beverages,2025-11-18,H2,15304,346802.72,10,10
Beverages,2025-11-19,H2,1862,41220.76,8,7
Beverages,2025-11-20,H2,25876,586936.64,14,14
Beverages,2025-11-21,H2,13963,316062.98,13,13
Beverages,2025-11-22,H2,8160,185232.0,3,3
Beverages,2025-11-24,H2,18974,432864.16000000003,11,11
Beverages,2025-11-25,H2,44,5210.88,2,2
Beverages,2025-11-26,H2,2732,61866.88,2,2
Beverages,2025-11-27,H2,4560,103212.95999999999,5,5
Beverages,2025-11-29,H2,7205,163553.5,3,3
Beverages,2025-12-01,H2,224,17791.0,3,3
Beverages,2025-12-02,H2,1397,110915.0,4,4
Beverages,2025-12-03,H2,348,27492.0,2,2
Beverages,2025-12-04,H2,592,47008.0,2,2
Beverages,2025-12-05,H2,93,11453.0,3,3
Beverages,2025-12-06,H2,104,8620.0,2,2
Beverages,2025-12-08,H2,731,60566.0,4,4
Beverages,2025-12-09,H2,449,76496.0,4,4
Beverages,2025-12-10,H2,282,22278.0,1,1
Beverages,2025-12-11,H2,409,71166.0,2,2
Beverages,2025-12-12,H2,621,90798.0,4,4
Beverages,2025-12-13,H2,1223,211172.0,3,3
Beverages,2025-12-15,H2,4228,615350.0,8,7
Beverages,2025-12-17,H2,2562,443984.0,3,3
Beverages,2025-12-18,H2,4589,789074.0,5,5
Beverages,2025-12-19,H2,2964,509808.0,2,2
Beverages,2025-12-20,H2,348,60552.0,1,1
Brand Manufacturers,2025-06-30,H2,150,15660.0,6,5
Brand Manufacturers,2025-07-01,H2,1,145.0,1,1
Brand Manufacturers,2025-07-03,H2,1,145.0,1,1
Brand Manufacturers,2025-07-04,H2,46,12433.0,4,3
Brand Manufacturers,2025-07-05,H2,60,19200.0,1,1
Brand Manufacturers,2025-07-07,H2,91,24585.0,4,4
Brand Manufacturers,2025-07-08,H2,1,145.0,1,1
Brand Manufacturers,2025-07-09,H2,15,4275.0,6,6
Brand Manufacturers,2025-07-10,H2,13,3635.0,4,4
Brand Manufacturers,2025-07-11,H2,2,290.0,2,2
Brand Manufacturers,2025-07-12,H2,80,7270.0,3,3
Brand Manufacturers,2025-07-14,H2,21,2085.0,2,2
Brand Manufacturers,2025-07-15,H2,42,6760.0,3,3
Brand Manufacturers,2025-07-16,H2,1,145.0,1,1
Brand Manufacturers,2025-07-17,H2,5,725.0,5,5
Brand Manufacturers,2025-07-18,H2,13,1395.0,4,4
Brand Manufacturers,2025-07-19,H2,20,1940.0,1,1
Brand Manufacturers,2025-07-21,H2,152,36140.0,4,4
Brand Manufacturers,2025-07-22,H2,83,10675.0,4,4
Brand Manufacturers,2025-07-23,H2,131,12785.0,3,3
Brand Manufacturers,2025-07-24,H2,65,6275.0,8,8
Brand Manufacturers,2025-07-25,H2,61,5727.0,3,3
Brand Manufacturers,2025-07-26,H2,13,3865.0,2,2
Brand Manufacturers,2025-07-28,H2,222,22720.0,8,7
Brand Manufacturers,2025-07-29,H2,80,7333.0,6,6
Brand Manufacturers,2025-07-30,H2,13,3635.0,4,4
Brand Manufacturers,2025-07-31,H2,63,19635.0,5,4
Brand Manufacturers,2025-08-01,H2,10,3200.0,1,1
Brand Manufacturers,2025-08-02,H2,50,16000.0,1,1
Brand Manufacturers,2025-08-04,H2,20,4100.0,2,2
Brand Manufacturers,2025-08-05,H2,68,18304.0,2,2
Brand Manufacturers,2025-08-06,H2,60,10280.0,4,2
Brand Manufacturers,2025-08-07,H2,130,34640.0,2,2
Brand Manufacturers,2025-08-08,H2,16,1462.0,2,2
Brand Manufacturers,2025-08-09,H2,10,3200.0,1,1
Brand Manufacturers,2025-08-12,H2,147,46656.0,7,4
Brand Manufacturers,2025-08-13,H2,70,20180.0,3,3
Brand Manufacturers,2025-08-14,H2,130,11480.0,4,4
Brand Manufacturers,2025-08-15,H2,10,3200.0,1,1
Brand Manufacturers,2025-08-19,H2,34,10880.0,2,1
Brand Manufacturers,2025-08-20,H2,130,41700.0,3,2
Brand Manufacturers,2025-08-21,H2,20,1940.0,1,1
Brand Manufacturers,2025-08-22,H2,11,3520.0,2,1
Brand Manufacturers,2025-08-23,H2,1,320.0,1,1
Brand Manufacturers,2025-08-25,H2,10,3200.0,1,1
Brand Manufacturers,2025-08-26,H2,80,7270.0,3,3
Brand Manufacturers,2025-08-27,H2,20,1940.0,1,1
Brand Manufacturers,2025-08-28,H2,22,4920.0,2,2
Brand Manufacturers,2025-08-29,H2,20,1840.0,1,1
Brand Manufacturers,2025-09-01,H2,10,3200.0,1,1
Brand Manufacturers,2025-09-02,H2,60,19200.0,2,1
Brand Manufacturers,2025-09-03,H2,10,900.0,1,1
Brand Manufacturers,2025-09-04,H2,50,16000.0,1,1
Brand Manufacturers,2025-09-05,H2,50,7080.0,3,2
Brand Manufacturers,2025-09-06,H2,40,5840.0,2,2
Brand Manufacturers,2025-09-08,H2,122,34770.0,3,3
Brand Manufacturers,2025-09-09,H2,25,4580.0,2,2
Brand Manufacturers,2025-09-11,H2,10,3200.0,1,1
Brand Manufacturers,2025-09-12,H2,185,59090.0,6,4
Brand Manufacturers,2025-09-13,H2,140,14680.0,5,5
Brand Manufacturers,2025-09-15,H2,10,3200.0,1,1
Brand Manufacturers,2025-09-18,H2,34,10880.0,2,1
Brand Manufacturers,2025-09-19,H2,10,960.0,1,1
Brand Manufacturers,2025-09-22,H2,170,37790.0,3,3
Brand Manufacturers,2025-09-24,H2,130,12640.0,2,2
Brand Manufacturers,2025-09-25,H2,60,5550.0,3,3
Brand Manufacturers,2025-09-26,H2,61,5727.0,3,3
Brand Manufacturers,2025-09-27,H2,112,12820.0,2,2
Brand Manufacturers,2025-09-29,H2,195,19938.0,6,4
Brand Manufacturers,2025-09-30,H2,70,22400.0,3,1
Brand Manufacturers,2025-10-01,H2,10,3200.0,1,1
Brand Manufacturers,2025-10-02,H2,70,20100.0,3,2
Brand Manufacturers,2025-10-04,H2,75,19200.0,2,2
Brand Manufacturers,2025-10-06,H2,50,7080.0,3,2
Brand Manufacturers,2025-10-07,H2,40,5840.0,2,2
Brand Manufacturers,2025-10-08,H2,116,33462.0,3,3
Brand Manufacturers,2025-10-09,H2,10,3200.0,1,1
Brand Manufacturers,2025-10-11,H2,15,4800.0,2,1
Brand Manufacturers,2025-10-13,H2,190,60800.0,6,4
Brand Manufacturers,2025-10-14,H2,130,11480.0,4,4
Brand Manufacturers,2025-10-15,H2,30,7380.0,3,2
Brand Manufacturers,2025-10-16,H2,50,16000.0,1,1
Brand Manufacturers,2025-10-17,H2,31,5508.0,3,3
Brand Manufacturers,2025-10-18,H2,50,16000.0,1,1
Brand Manufacturers,2025-10-20,H2,48,7444.0,3,3
Brand Manufacturers,2025-10-21,H2,60,7780.0,3,3
Brand Manufacturers,2025-10-22,H2,116,33462.0,3,3
Brand Manufacturers,2025-10-23,H2,10,3200.0,1,1
Brand Manufacturers,2025-10-25,H2,115,36690.0,3,2
Brand Manufacturers,2025-10-27,H2,100,29780.0,6,4
Brand Manufacturers,2025-10-28,H2,130,13700.0,4,4
Brand Manufacturers,2025-10-30,H2,80,10240.0,1,1
Brand Manufacturers,2025-10-31,H2,34,10880.0,2,1
Brand Manufacturers,2025-11-01,H2,22,2646.0,2,2
Brand Manufacturers,2025-11-03,H2,182,39476.0,4,4
Brand Manufacturers,2025-11-04,H2,39,4881.0,3,3
Brand Manufacturers,2025-11-05,H2,190,18190.0,5,5
Brand Manufacturers,2025-11-06,H2,73,7413.0,4,4
Brand Manufacturers,2025-11-07,H2,237,26448.0,6,3
Brand Manufacturers,2025-11-08,H2,80,9510.0,3,3
Brand Manufacturers,2025-11-10,H2,72,20886.0,3,2
Brand Manufacturers,2025-11-12,H2,34,10880.0,2,1
Brand Manufacturers,2025-11-13,H2,142,43386.0,4,3
Brand Manufacturers,2025-11-14,H2,30,5140.0,2,2
Brand Manufacturers,2025-11-15,H2,48,8898.0,6,4
Brand Manufacturers,2025-11-17,H2,92,8956.0,4,4
Brand Manufacturers,2025-11-18,H2,68,6559.88,5,5
Brand Manufacturers,2025-11-19,H2,51,3184.9300000000003,4,4
Brand Manufacturers,2025-11-20,H2,10,3200.0,1,1
Brand Manufacturers,2025-11-21,H2,234,14719.52,14,12
Brand Manufacturers,2025-11-22,H2,82,20319.96,4,3
Brand Manufacturers,2025-11-24,H2,98,16879.84,5,5
Brand Manufacturers,2025-11-25,H2,90,12920.0,5,3
Brand Manufacturers,2025-11-26,H2,138,36881.96,5,4
Brand Manufacturers,2025-11-27,H2,36,659.88,3,3
Brand Manufacturers,2025-11-28,H2,24,439.92,2,2
Brand Manufacturers,2025-11-29,H2,12,219.96,1,1
Brand Manufacturers,2025-12-01,H2,23,2833.0,5,5
Brand Manufacturers,2025-12-02,H2,183,39675.0,5,5
Brand Manufacturers,2025-12-03,H2,152,15810.0,6,6
Brand Manufacturers,2025-12-04,H2,145,14733.0,8,8
Brand Manufacturers,2025-12-05,H2,142,18296.0,5,4
Brand Manufacturers,2025-12-06,H2,200,21087.0,7,5
Brand Manufacturers,2025-12-08,H2,81,22245.0,4,3
Brand Manufacturers,2025-12-09,H2,21,3005.0,3,3
Brand Manufacturers,2025-12-10,H2,44,12328.0,4,3
Brand Manufacturers,2025-12-11,H2,150,43640.0,4,3
Brand Manufacturers,2025-12-12,H2,20,4984.0,4,2
Brand Manufacturers,2025-12-13,H2,22,4916.0,2,2
Brand Manufacturers,2025-12-15,H2,101,10313.0,6,6
Brand Manufacturers,2025-12-16,H2,62,8700.0,4,4
Brand Manufacturers,2025-12-17,H2,10,3200.0,1,1
Brand Manufacturers,2025-12-19,H2,80,7750.0,3,3
Brand Manufacturers,2025-12-20,H2,123,33944.0,2,2
Brand Manufacturers,2025-12-22,H2,140,13610.0,3,3
Brand Manufacturers,2025-12-23,H2,111,10307.0,5,5
Food,2025-06-30,H2,46823,11166885.22,144,107
Food,2025-07-01,H2,9423,2437682.28,18,17
Food,2025-07-02,H2,11788,2998502.28,21,20
Food,2025-07-03,H2,16889,4374396.0,28,27
Food,2025-07-04,H2,10081,2434318.5,26,26
Food,2025-07-05,H2,4976,967257.3,10,10
Food,2025-07-07,H2,14179,3167849.6,16,16
Food,2025-07-08,H2,33222,8819219.96,68,63
Food,2025-07-09,H2,60419,16655804.65,108,92
Food,2025-07-10,H2,39387,10410488.48,76,70
Food,2025-07-11,H2,24619,6658343.96,54,48
Food,2025-07-12,H2,23641,5570622.52,40,40
Food,2025-07-14,H2,17374,3838869.55,44,40
Food,2025-07-15,H2,18061,4652589.05,29,29
Food,2025-07-16,H2,11703,2907124.05,23,23
Food,2025-07-17,H2,40713,11442614.77,74,67
Food,2025-07-18,H2,14859,3909680.5,34,33
Food,2025-07-19,H2,7757,1641426.26,9,8
Food,2025-07-21,H2,26009,5899746.71,52,45
Food,2025-07-22,H2,33445,9319761.26,57,53
Food,2025-07-23,H2,24511,6167048.71,43,39
Food,2025-07-24,H2,28056,8687152.94,58,47
Food,2025-07-25,H2,22925,6730371.0,47,40
Food,2025-07-26,H2,37531,9841764.27,83,59
Food,2025-07-28,H2,60867,17181008.24,93,70
Food,2025-07-29,H2,32414,7956456.4,93,74
Food,2025-07-30,H2,36171,10116646.08,95,72
Food,2025-07-31,H2,43583,11826188.84,160,128
Food,2025-08-01,H2,10430,2835838.1,28,27
Food,2025-08-02,H2,7130,1637320.3,20,20
Food,2025-08-04,H2,16767,3852987.39,39,39
Food,2025-08-05,H2,13235,3724710.82,33,33
Food,2025-08-06,H2,7769,2309295.85,29,29
Food,2025-08-07,H2,13787,3746535.4,36,35
Food,2025-08-08,H2,30275,7890808.27,121,117
Food,2025-08-09,H2,35144,9957733.83,146,144
Food,2025-08-11,H2,78181,16440655.85,252,173
Food,2025-08-12,H2,36988,8427468.96,91,78
Food,2025-08-13,H2,32425,6842122.44,93,76
Food,2025-08-14,H2,39967,7081402.95,89,79
Food,2025-08-15,H2,22986,4248877.23,96,81
Food,2025-08-16,H2,28948,5672159.07,79,63
Food,2025-08-18,H2,23256,5164081.23,88,75
Food,2025-08-19,H2,23865,4730606.44,100,87
Food,2025-08-20,H2,25364,4778837.46,97,77
Food,2025-08-21,H2,23884,4566553.88,94,79
Food,2025-08-22,H2,22237,5435942.87,103,90
Food,2025-08-23,H2,23762,3853255.24,84,76
Food,2025-08-25,H2,19229,4199099.39,97,87
Food,2025-08-26,H2,18440,3991735.9,89,79
Food,2025-08-27,H2,22704,5053482.89,102,88
Food,2025-08-28,H2,25085,5096362.15,104,96
Food,2025-08-29,H2,50744,10174973.4,169,136
Food,2025-08-30,H2,33773,7963022.85,87,84
Food,2025-09-01,H2,10407,2685633.6,32,31
Food,2025-09-02,H2,10769,2601720.02,42,40
Food,2025-09-03,H2,39545,9413869.87,92,78
Food,2025-09-04,H2,36274,8600066.23,133,103
Food,2025-09-05,H2,35583,8110894.25,95,79
Food,2025-09-06,H2,31287,6215668.59,72,66
Food,2025-09-08,H2,8664,2613877.02,37,35
Food,2025-09-09,H2,28007,8835717.709999999,76,63
Food,2025-09-10,H2,37100,7941036.83,100,84
Food,2025-09-11,H2,25922,7481694.88,88,73
Food,2025-09-12,H2,12362,3377245.95,26,26
Food,2025-09-13,H2,16758,4703412.83,47,42
Food,2025-09-15,H2,13954,3827954.3400000003,34,34
Food,2025-09-16,H2,17349,4379128.02,49,49
Food,2025-09-17,H2,15358,4314688.66,72,67
Food,2025-09-18,H2,11087,2267179.6,41,38
Food,2025-09-19,H2,7312,1997978.63,19,19
Food,2025-09-20,H2,21436,5881231.34,70,62
Food,2025-09-22,H2,6193,1617501.41,16,16
Food,2025-09-23,H2,24147,5419774.29,68,59
Food,2025-09-24,H2,15278,3756024.76,42,42
Food,2025-09-25,H2,12145,2725130.0,24,24
Food,2025-09-26,H2,13500,2782092.53,22,22
Food,2025-09-27,H2,29546,8714745.23,74,63
Food,2025-09-29,H2,25394,5939240.62,67,60
Food,2025-09-30,H2,49902,12618358.47,174,132
Food,2025-10-01,H2,11796,2896271.24,43,42
Food,2025-10-02,H2,7583,1495726.74,36,34
Food,2025-10-03,H2,21329,4910019.77,66,54
Food,2025-10-04,H2,12737,3033390.4,33,31
Food,2025-10-06,H2,14510,3763897.68,47,44
Food,2025-10-07,H2,14690,3652289.49,49,45
Food,2025-10-08,H2,82370,18869228.86,268,142
Food,2025-10-09,H2,22177,4825569.12,113,98
Food,2025-10-10,H2,19073,5790562.9,93,79
Food,2025-10-11,H2,5577,1338713.68,20,20
Food,2025-10-13,H2,19537,4125461.92,71,68
Food,2025-10-14,H2,10934,2126779.16,36,36
Food,2025-10-15,H2,7468,1784312.69,33,33
Food,2025-10-16,H2,15034,3850766.93,102,94
Food,2025-10-17,H2,11708,2604991.8,47,44
Food,2025-10-18,H2,5921,1485074.47,15,15
Food,2025-10-20,H2,28906,6857173.34,133,118
Food,2025-10-21,H2,18609,4565343.71,62,58
Food,2025-10-22,H2,17666,4136000.37,80,74
Food,2025-10-23,H2,13281,3725301.64,70,67
Food,2025-10-24,H2,14401,3603839.89,72,68
Food,2025-10-25,H2,64984,16412362.18,78,54
Food,2025-10-27,H2,26846,6984067.84,49,44
Food,2025-10-28,H2,29026,6833290.42,32,31
Food,2025-10-29,H2,75993,13901288.82,66,52
Food,2025-10-30,H2,54472,15271672.39,83,63
Food,2025-10-31,H2,128275,28833188.47,136,97
Food,2025-11-01,H2,76910,4740871.86,90,82
Food,2025-11-03,H2,62540,6878569.15,107,98
Food,2025-11-04,H2,47115,5525558.29,90,85
Food,2025-11-05,H2,66098,7832099.13,95,87
Food,2025-11-06,H2,52527,5278663.21,107,99
Food,2025-11-07,H2,69905,5925172.13,113,102
Food,2025-11-08,H2,27579,2661861.64,43,39
Food,2025-11-10,H2,41457,3588825.68,49,48
Food,2025-11-11,H2,41512,3406046.59,50,46
Food,2025-11-12,H2,25209,3238496.4,52,49
Food,2025-11-13,H2,57712,6767215.35,111,89
Food,2025-11-14,H2,13886,3832279.6,27,27
Food,2025-11-15,H2,158094,10470954.22,202,127
Food,2025-11-17,H2,164670,8353457.56,189,121
Food,2025-11-18,H2,231126,7106237.0,175,97
Food,2025-11-19,H2,159718,5675085.89,145,93
Food,2025-11-20,H2,221567,8421550.52,208,137
Food,2025-11-21,H2,425155,14231089.44,290,148
Food,2025-11-22,H2,191366,5715697.16,90,71
Food,2025-11-24,H2,152106,6112529.68,99,85
Food,2025-11-25,H2,92358,4631725.97,70,60
Food,2025-11-26,H2,108597,5679662.95,89,80
Food,2025-11-27,H2,145921,6550279.6899999995,88,74
Food,2025-11-28,H2,55357,3469781.31,42,42
Food,2025-11-29,H2,37172,2659329.21,35,34
Food,2025-12-01,H2,41503,7509293.59,102,85
Food,2025-12-02,H2,29948,6038164.43,65,59
Food,2025-12-03,H2,43873,8000164.03,76,65
Food,2025-12-04,H2,26212,6748397.21,89,80
Food,2025-12-05,H2,70932,11177303.57,88,83
Food,2025-12-06,H2,29069,5391948.87,66,59
Food,2025-12-08,H2,48341,8904545.02,100,80
Food,2025-12-09,H2,59273,14552354.97,135,124
Food,2025-12-10,H2,27110,7418671.99,72,67
Food,2025-12-11,H2,50009,12124497.12,106,101
Food,2025-12-12,H2,45231,11055532.41,113,109
Food,2025-12-13,H2,34635,9288833.02,89,87
Food,2025-12-15,H2,60530,17279544.45,148,139
Food,2025-12-16,H2,38615,9912668.48,104,102
Food,2025-12-17,H2,43591,10609424.31,123,121
Food,2025-12-18,H2,66811,16383322.5,170,151
Food,2025-12-19,H2,38592,9445221.85,165,144
Food,2025-12-20,H2,15936,3626174.22,141,141
Food,2025-12-22,H2,8324,2267855.55,30,30
Hardware,2025-06-30,H2,77126,9517952.58,156,105
Hardware,2025-07-01,H2,27012,4007158.2,45,22
Hardware,2025-07-02,H2,20141,3353986.9,53,32
Hardware,2025-07-03,H2,19295,3222791.5,60,40
Hardware,2025-07-04,H2,29633,4673973.5,64,45
Hardware,2025-07-05,H2,22660,3098984.2,51,30
Hardware,2025-07-07,H2,29838,4591739.55,53,33
Hardware,2025-07-08,H2,17290,3021675.6,84,60
Hardware,2025-07-09,H2,27859,4044783.35,112,84
Hardware,2025-07-10,H2,33701,5618069.32,120,95
Hardware,2025-07-11,H2,24388,4966213.0,97,65
Hardware,2025-07-12,H2,18669,3108888.5,71,46
Hardware,2025-07-14,H2,17267,3390048.25,79,52
Hardware,2025-07-15,H2,26481,3930096.38,55,35
Hardware,2025-07-16,H2,34448,5948703.1,61,45
Hardware,2025-07-17,H2,35265,7158786.33,98,75
Hardware,2025-07-18,H2,25472,3548504.62,71,54
Hardware,2025-07-19,H2,25825,3569722.05,38,19
Hardware,2025-07-21,H2,43358,5321679.2,77,52
Hardware,2025-07-22,H2,25175,4469399.42,81,56
Hardware,2025-07-23,H2,27422,4381299.1,73,49
Hardware,2025-07-24,H2,28950,5987459.42,96,68
Hardware,2025-07-25,H2,46424,4787250.7,87,57
Hardware,2025-07-26,H2,37993,5824316.82,109,73
Hardware,2025-07-28,H2,89624,7765611.23,113,78
Hardware,2025-07-29,H2,35939,5444818.67,100,69
Hardware,2025-07-30,H2,32279,5025054.38,101,70
Hardware,2025-07-31,H2,38521,6470492.81,147,101
Hardware,2025-08-01,H2,22667,3040370.34,57,38
Hardware,2025-08-02,H2,28139,5101609.3,56,33
Hardware,2025-08-04,H2,41514,8669907.34,116,66
Hardware,2025-08-05,H2,9008,1870432.3,55,35
Hardware,2025-08-06,H2,10915,2256643.6,61,41
Hardware,2025-08-07,H2,18698,2589170.92,56,34
Hardware,2025-08-08,H2,17113,3299128.57,112,93
Hardware,2025-08-09,H2,23899,3979370.04,122,104
Hardware,2025-08-11,H2,44020,8496610.04,191,136
Hardware,2025-08-12,H2,32178,5620135.92,111,75
Hardware,2025-08-13,H2,24861,4641073.4,67,53
Hardware,2025-08-14,H2,38284,4261126.84,89,67
Hardware,2025-08-15,H2,41993,6251195.1,90,59
Hardware,2025-08-16,H2,19647,3304496.8,90,62
Hardware,2025-08-18,H2,30401,5519460.88,95,70
Hardware,2025-08-19,H2,23585,3202110.54,82,63
Hardware,2025-08-20,H2,28701,4676488.84,88,54
Hardware,2025-08-21,H2,23351,2968214.68,79,51
Hardware,2025-08-22,H2,17057,2881819.3,86,60
Hardware,2025-08-23,H2,23323,3888694.16,70,49
Hardware,2025-08-25,H2,16745,3379039.2,76,52
Hardware,2025-08-26,H2,13582,3093100.6,82,59
Hardware,2025-08-27,H2,19816,3783341.72,85,57
Hardware,2025-08-28,H2,22883,3594637.58,79,61
Hardware,2025-08-29,H2,35890,6138101.8,104,82
Hardware,2025-08-30,H2,26558,5294716.52,69,61
Hardware,2025-09-01,H2,27725,3655665.15,72,47
Hardware,2025-09-02,H2,35005,6205658.85,84,55
Hardware,2025-09-03,H2,36533,6963978.6,98,73
Hardware,2025-09-04,H2,24639,4886818.1,172,106
Hardware,2025-09-05,H2,22927,3767957.27,119,79
Hardware,2025-09-06,H2,19906,3349664.1,105,78
Hardware,2025-09-08,H2,19683,2760729.55,65,44
Hardware,2025-09-09,H2,30372,5104714.09,79,55
Hardware,2025-09-10,H2,18507,3113257.66,78,63
Hardware,2025-09-11,H2,20257,3370432.77,72,59
Hardware,2025-09-12,H2,20972,3576634.7,61,40
Hardware,2025-09-13,H2,36938,4549045.4,65,44
Hardware,2025-09-15,H2,30963,4336465.8,59,36
Hardware,2025-09-16,H2,23716,4805366.4,65,40
Hardware,2025-09-17,H2,32957,4291314.55,78,52
Hardware,2025-09-18,H2,22481,4705133.71,59,45
Hardware,2025-09-19,H2,28186,4063297.0,51,32
Hardware,2025-09-20,H2,13339,3108539.0,59,36
Hardware,2025-09-22,H2,50484,5351458.8,53,29
Hardware,2025-09-23,H2,21277,3995352.42,71,53
Hardware,2025-09-24,H2,23720,3892159.45,65,43
Hardware,2025-09-25,H2,19256,4592523.08,58,37
Hardware,2025-09-26,H2,38460,3671042.7,50,29
Hardware,2025-09-27,H2,42691,4963726.7299999995,85,60
Hardware,2025-09-29,H2,95148,7713988.33,101,59
Hardware,2025-09-30,H2,53950,8748080.63,142,87
Hardware,2025-10-01,H2,29212,3986762.0,70,43
Hardware,2025-10-02,H2,31175,5642922.3,69,43
Hardware,2025-10-03,H2,30741,6370684.6,76,49
Hardware,2025-10-04,H2,8349,2053831.7,58,35
Hardware,2025-10-06,H2,9433,2044830.4,55,34
Hardware,2025-10-07,H2,14384,2463124.75,79,61
Hardware,2025-10-08,H2,36620,5796093.1,134,87
Hardware,2025-10-09,H2,22541,3955331.3,90,67
Hardware,2025-10-10,H2,19281,3296564.8,81,61
Hardware,2025-10-11,H2,15005,2498394.7,50,38
Hardware,2025-10-13,H2,17659,3591299.75,66,47
Hardware,2025-10-14,H2,35907,4103562.35,61,46
Hardware,2025-10-15,H2,26495,3649762.0,62,39
Hardware,2025-10-16,H2,42240,6464165.4,100,67
Hardware,2025-10-17,H2,32134,6696248.2,72,52
Hardware,2025-10-18,H2,10317,2463267.2,55,30
Hardware,2025-10-20,H2,12881,2849685.15,89,61
Hardware,2025-10-21,H2,13925,2774807.0,67,48
Hardware,2025-10-22,H2,25662,3703018.85,93,63
Hardware,2025-10-23,H2,22290,4251961.3,73,50
Hardware,2025-10-24,H2,21029,3737539.8,84,61
Hardware,2025-10-25,H2,38119,4906852.8,68,45
Hardware,2025-10-27,H2,32929,5514053.6,66,44
Hardware,2025-10-28,H2,38781,4144700.7,63,40
Hardware,2025-10-29,H2,42702,6989929.3,84,48
Hardware,2025-10-30,H2,28976,4182203.9,85,59
Hardware,2025-10-31,H2,33422,6244043.9,100,70
Hardware,2025-11-01,H2,55756,6710358.86,117,85
Hardware,2025-11-03,H2,52285,6514364.97,118,77
Hardware,2025-11-04,H2,62356,6982845.17,112,75
Hardware,2025-11-05,H2,70019,7372382.48,117,78
Hardware,2025-11-06,H2,64391,5981891.02,121,79
Hardware,2025-11-07,H2,90492,7377293.76,128,83
Hardware,2025-11-08,H2,49602,5965889.6,96,54
Hardware,2025-11-10,H2,64366,8372447.35,96,49
Hardware,2025-11-11,H2,40834,6124907.35,106,60
Hardware,2025-11-12,H2,52440,5349452.72,92,60
Hardware,2025-11-13,H2,60957,6373449.7,133,82
Hardware,2025-11-14,H2,21911,3192746.0,73,39
Hardware,2025-11-15,H2,78710,6992601.46,187,115
Hardware,2025-11-17,H2,109424,7311291.87,185,103
Hardware,2025-11-18,H2,116458,5423485.51,178,91
Hardware,2025-11-19,H2,90203,6965287.92,143,91
Hardware,2025-11-20,H2,136191,8657834.41,211,130
Hardware,2025-11-21,H2,213569,8335654.14,255,137
Hardware,2025-11-22,H2,101167,9822392.28,139,88
Hardware,2025-11-24,H2,66952,5148721.83,145,84
Hardware,2025-11-25,H2,56429,4392084.08,125,81
Hardware,2025-11-26,H2,60100,5305090.04,134,85
Hardware,2025-11-27,H2,69483,3151552.14,86,66
Hardware,2025-11-28,H2,25341,2397920.66,53,44
Hardware,2025-11-29,H2,30892,1938768.84,49,37
Hardware,2025-12-01,H2,43829,7630029.31,148,103
Hardware,2025-12-02,H2,63448,8290209.5,123,72
Hardware,2025-12-03,H2,37284,6696072.5,113,63
Hardware,2025-12-04,H2,59053,7489327.5,124,75
Hardware,2025-12-05,H2,51450,6563846.86,135,84
Hardware,2025-12-06,H2,77422,7381354.78,124,76
Hardware,2025-12-08,H2,54547,8850273.29,141,80
Hardware,2025-12-09,H2,52696,8725955.91,163,103
Hardware,2025-12-10,H2,51245,7534998.96,132,85
Hardware,2025-12-11,H2,46420,7100339.8,137,83
Hardware,2025-12-12,H2,29912,4706000.33,123,84
Hardware,2025-12-13,H2,29028,5736423.64,109,76
Hardware,2025-12-15,H2,36249,6138340.38,166,112
Hardware,2025-12-16,H2,40315,7275753.98,137,98
Hardware,2025-12-17,H2,53467,8853074.38,141,106
Hardware,2025-12-18,H2,46016,8296799.86,157,122
Hardware,2025-12-19,H2,42650,7059262.72,158,113
Hardware,2025-12-20,H2,51600,6394016.84,158,110
Hardware,2025-12-22,H2,28874,5455038.0,75,48
Hardware,2025-12-23,H2,43775,4775292.7,55,23
Home & Garden,2025-06-30,H2,104197,30255674.66,183,140
Home & Garden,2025-07-01,H2,8914,3203392.62,19,19
Home & Garden,2025-07-02,H2,7945,1833679.1400000001,23,23
Home & Garden,2025-07-03,H2,13986,3411809.5,36,35
Home & Garden,2025-07-04,H2,13338,3852734.18,29,29
Home & Garden,2025-07-05,H2,7656,1765989.74,17,17
Home & Garden,2025-07-07,H2,11316,3416860.82,26,26
Home & Garden,2025-07-08,H2,37949,9498162.98,82,73
Home & Garden,2025-07-09,H2,57877,15179072.6,120,102
Home & Garden,2025-07-10,H2,45847,11788246.57,103,88
Home & Garden,2025-07-11,H2,23254,5873849.39,72,64
Home & Garden,2025-07-12,H2,23366,4650207.73,61,51
Home & Garden,2025-07-14,H2,32801,7759586.98,64,58
Home & Garden,2025-07-15,H2,9432,2344020.12,30,29
Home & Garden,2025-07-16,H2,20057,5582055.05,36,36
Home & Garden,2025-07-17,H2,42034,10040365.72,91,79
Home & Garden,2025-07-18,H2,23271,6388132.19,49,45
Home & Garden,2025-07-19,H2,5218,1358605.76,11,11
Home & Garden,2025-07-21,H2,28534,7267872.98,60,58
Home & Garden,2025-07-22,H2,25713,7839840.89,60,52
Home & Garden,2025-07-23,H2,17355,3942780.57,48,44
Home & Garden,2025-07-24,H2,31092,6451439.31,69,56
Home & Garden,2025-07-25,H2,19809,6021686.5,57,51
Home & Garden,2025-07-26,H2,31973,8147998.58,76,57
Home & Garden,2025-07-28,H2,26616,6944929.79,80,69
Home & Garden,2025-07-29,H2,33026,9552998.28,92,65
Home & Garden,2025-07-30,H2,31959,7246232.72,94,72
Home & Garden,2025-07-31,H2,48448,13495421.62,194,151
Home & Garden,2025-08-01,H2,10550,3832221.54,36,34
Home & Garden,2025-08-02,H2,15918,4617742.81,36,36
Home & Garden,2025-08-04,H2,29344,8860834.84,64,63
Home & Garden,2025-08-05,H2,10883,3652268.12,40,40
Home & Garden,2025-08-06,H2,16516,7466430.95,46,46
Home & Garden,2025-08-07,H2,24896,8005032.19,49,49
Home & Garden,2025-08-08,H2,42527,11386114.5,170,163
Home & Garden,2025-08-09,H2,50506,12973831.07,196,192
Home & Garden,2025-08-11,H2,127435,25334544.16,323,218
Home & Garden,2025-08-12,H2,46749,9428999.29,101,82
Home & Garden,2025-08-13,H2,48437,12209237.42,106,87
Home & Garden,2025-08-14,H2,39704,8416416.14,107,94
Home & Garden,2025-08-15,H2,41589,7456820.69,110,92
Home & Garden,2025-08-16,H2,28568,5727476.92,94,79
Home & Garden,2025-08-18,H2,33675,6787752.96,108,88
Home & Garden,2025-08-19,H2,38510,9396312.82,116,96
Home & Garden,2025-08-20,H2,50658,10191736.22,120,97
Home & Garden,2025-08-21,H2,34185,6816652.96,117,97
Home & Garden,2025-08-22,H2,31681,6801527.36,119,103
Home & Garden,2025-08-23,H2,26404,5188490.46,105,94
Home & Garden,2025-08-25,H2,27056,6062271.7,112,97
Home & Garden,2025-08-26,H2,24943,6150921.99,118,100
Home & Garden,2025-08-27,H2,31297,6619163.64,117,99
Home & Garden,2025-08-28,H2,42960,7433890.11,121,108
Home & Garden,2025-08-29,H2,59656,10842905.23,188,150
Home & Garden,2025-08-30,H2,47406,9327205.92,107,99
Home & Garden,2025-09-01,H2,17914,5692495.56,49,45
Home & Garden,2025-09-02,H2,20732,5993677.64,55,53
Home & Garden,2025-09-03,H2,37310,10162368.23,99,80
Home & Garden,2025-09-04,H2,65560,18225339.61,183,128
Home & Garden,2025-09-05,H2,49084,10458868.3,120,92
Home & Garden,2025-09-06,H2,25217,5176769.72,87,78
Home & Garden,2025-09-08,H2,12405,3866593.74,48,47
Home & Garden,2025-09-09,H2,32266,9564849.44,104,82
Home & Garden,2025-09-10,H2,41124,14798897.22,126,100
Home & Garden,2025-09-11,H2,41513,14477057.32,138,107
Home & Garden,2025-09-12,H2,13571,4945569.85,39,37
Home & Garden,2025-09-13,H2,39746,9462263.35,88,69
Home & Garden,2025-09-15,H2,22342,7341496.96,46,45
Home & Garden,2025-09-16,H2,22506,8911220.49,72,66
Home & Garden,2025-09-17,H2,37629,13707980.79,117,102
Home & Garden,2025-09-18,H2,31917,8928638.64,69,60
Home & Garden,2025-09-19,H2,8266,3300050.82,30,30
Home & Garden,2025-09-20,H2,37986,11186703.6,106,81
Home & Garden,2025-09-22,H2,11430,3963047.7,27,26
Home & Garden,2025-09-23,H2,36185,14651427.93,100,86
Home & Garden,2025-09-24,H2,22706,7908353.96,60,55
Home & Garden,2025-09-25,H2,10522,2891384.18,29,29
Home & Garden,2025-09-26,H2,14184,5599386.41,29,29
Home & Garden,2025-09-27,H2,64677,18740239.65,118,91
Home & Garden,2025-09-29,H2,32085,12040216.64,100,86
Home & Garden,2025-09-30,H2,69934,22155919.84,251,178
Home & Garden,2025-10-01,H2,16397,5482331.91,55,52
Home & Garden,2025-10-02,H2,17709,4523636.8,61,54
Home & Garden,2025-10-03,H2,16632,4930014.39,84,71
Home & Garden,2025-10-04,H2,12738,2913704.77,49,48
Home & Garden,2025-10-06,H2,11062,4255119.57,47,43
Home & Garden,2025-10-07,H2,20129,5426550.95,74,65
Home & Garden,2025-10-08,H2,46378,13614883.9,324,160
Home & Garden,2025-10-09,H2,23136,7589429.06,159,135
Home & Garden,2025-10-10,H2,24446,7011609.05,149,131
Home & Garden,2025-10-11,H2,10430,3417814.72,32,32
Home & Garden,2025-10-13,H2,12072,3804192.86,98,91
Home & Garden,2025-10-14,H2,13217,3774110.23,52,51
Home & Garden,2025-10-15,H2,14138,4603473.07,50,50
Home & Garden,2025-10-16,H2,19593,6444450.98,161,142
Home & Garden,2025-10-17,H2,20159,7022400.72,76,73
Home & Garden,2025-10-18,H2,2133,771606.0,17,17
Home & Garden,2025-10-20,H2,21187,5409659.56,164,138
Home & Garden,2025-10-21,H2,22247,7646015.55,87,79
Home & Garden,2025-10-22,H2,35711,9082591.9,125,111
Home & Garden,2025-10-23,H2,16001,4386477.5,106,98
Home & Garden,2025-10-24,H2,17494,5563006.99,102,94
Home & Garden,2025-10-25,H2,43632,20299137.52,105,62
Home & Garden,2025-10-27,H2,18326,6302020.72,66,56
Home & Garden,2025-10-28,H2,19452,5745593.78,43,43
Home & Garden,2025-10-29,H2,34705,14104074.21,84,63
Home & Garden,2025-10-30,H2,51078,18410797.68,114,85
Home & Garden,2025-10-31,H2,69619,22909201.73,172,117
Home & Garden,2025-11-01,H2,37089,7178656.45,126,112
Home & Garden,2025-11-03,H2,46785,7111428.57,140,126
Home & Garden,2025-11-04,H2,49488,9184748.83,122,117
Home & Garden,2025-11-05,H2,35093,6970769.78,116,110
Home & Garden,2025-11-06,H2,57759,8631967.69,145,133
Home & Garden,2025-11-07,H2,57214,8539319.64,128,118
Home & Garden,2025-11-08,H2,20991,4592250.42,51,44
Home & Garden,2025-11-10,H2,24884,6019980.79,64,63
Home & Garden,2025-11-11,H2,25193,4903031.18,66,61
Home & Garden,2025-11-12,H2,31518,4552802.57,63,59
Home & Garden,2025-11-13,H2,66648,9425195.37,153,110
Home & Garden,2025-11-14,H2,10855,3608014.5,31,31
Home & Garden,2025-11-15,H2,122418,11764569.19,231,151
Home & Garden,2025-11-17,H2,128023,12398009.68,228,140
Home & Garden,2025-11-18,H2,163926,10031342.12,210,116
Home & Garden,2025-11-19,H2,122224,9034495.03,182,118
Home & Garden,2025-11-20,H2,190140,10224257.86,270,159
Home & Garden,2025-11-21,H2,372632,19777370.71,345,167
Home & Garden,2025-11-22,H2,125551,7450680.49,110,85
Home & Garden,2025-11-24,H2,113732,10264949.22,114,97
Home & Garden,2025-11-25,H2,70970,7230471.96,93,78
Home & Garden,2025-11-26,H2,105437,7827587.69,102,87
Home & Garden,2025-11-27,H2,96265,9593499.41,109,90
Home & Garden,2025-11-28,H2,33410,6520554.6899999995,51,50
Home & Garden,2025-11-29,H2,38965,3913359.61,41,40
Home & Garden,2025-12-01,H2,43559,10241163.03,121,102
Home & Garden,2025-12-02,H2,40714,12179332.3,89,81
Home & Garden,2025-12-03,H2,28590,10230544.39,91,83
Home & Garden,2025-12-04,H2,34817,9327172.31,91,86
Home & Garden,2025-12-05,H2,36060,9808458.15,104,91
Home & Garden,2025-12-06,H2,25990,7076005.07,82,75
Home & Garden,2025-12-08,H2,51531,14466844.84,115,92
Home & Garden,2025-12-09,H2,52000,18483265.5,153,139
Home & Garden,2025-12-10,H2,34018,10100342.64,93,90
Home & Garden,2025-12-11,H2,34148,12645546.73,107,103
Home & Garden,2025-12-12,H2,43675,13992839.53,124,118
Home & Garden,2025-12-13,H2,35768,12072964.08,107,106
Home & Garden,2025-12-15,H2,62625,18860852.8,155,143
Home & Garden,2025-12-16,H2,36318,11974102.09,123,117
Home & Garden,2025-12-17,H2,47419,16320810.71,161,158
Home & Garden,2025-12-18,H2,52506,17014500.35,192,161
Home & Garden,2025-12-19,H2,45265,14945588.63,190,161
Home & Garden,2025-12-20,H2,17096,3881772.34,155,154
Home & Garden,2025-12-22,H2,16810,5783830.0,45,45
Toiletries,2025-06-30,H2,167713,17519736.55,194,144
Toiletries,2025-07-01,H2,4858,1126895.4,17,17
Toiletries,2025-07-02,H2,11349,1282851.5,15,15
Toiletries,2025-07-03,H2,16780,2472780.5,31,30
Toiletries,2025-07-04,H2,16586,2732321.38,30,29
Toiletries,2025-07-05,H2,13047,1894012.0,19,19
Toiletries,2025-07-07,H2,24170,3446675.03,29,28
Toiletries,2025-07-08,H2,38694,5101511.16,56,50
Toiletries,2025-07-09,H2,60723,8231705.21,74,70
Toiletries,2025-07-10,H2,84735,10642544.19,100,89
Toiletries,2025-07-11,H2,41006,5744049.87,58,53
Toiletries,2025-07-12,H2,42335,4862105.7,53,45
Toiletries,2025-07-14,H2,25736,3724218.5,46,42
Toiletries,2025-07-15,H2,13270,1749150.63,26,24
Toiletries,2025-07-16,H2,20539,2716139.06,21,21
Toiletries,2025-07-17,H2,51851,6701069.7,71,62
Toiletries,2025-07-18,H2,46532,5270317.11,53,46
Toiletries,2025-07-19,H2,11484,1554601.5,22,17
Toiletries,2025-07-21,H2,31306,4004258.8,44,42
Toiletries,2025-07-22,H2,28531,3993292.5,50,44
Toiletries,2025-07-23,H2,25881,3736328.5,44,41
Toiletries,2025-07-24,H2,76745,8712509.25,74,60
Toiletries,2025-07-25,H2,31611,3982791.2,53,44
Toiletries,2025-07-26,H2,65742,6944094.84,65,54
Toiletries,2025-07-28,H2,69718,8109824.6,76,63
Toiletries,2025-07-29,H2,51148,5700208.19,74,57
Toiletries,2025-07-30,H2,46952,6584217.17,80,66
Toiletries,2025-07-31,H2,76609,8598764.82,134,107
Toiletries,2025-08-01,H2,15558,3179358.45,38,35
Toiletries,2025-08-02,H2,13101,2588205.59,41,37
Toiletries,2025-08-04,H2,19819,3494571.62,66,60
Toiletries,2025-08-05,H2,12757,2582038.1,45,43
Toiletries,2025-08-06,H2,13068,2295052.56,46,43
Toiletries,2025-08-07,H2,12878,1845277.23,45,44
Toiletries,2025-08-08,H2,32338,4465585.85,179,170
Toiletries,2025-08-09,H2,38977,4906515.23,194,184
Toiletries,2025-08-11,H2,98162,12009716.01,333,218
Toiletries,2025-08-12,H2,36570,5096111.98,118,92
Toiletries,2025-08-13,H2,31804,4448259.08,119,91
Toiletries,2025-08-14,H2,53051,5690994.75,112,94
Toiletries,2025-08-15,H2,31822,4447477.37,111,91
Toiletries,2025-08-16,H2,30516,3527134.0100000002,100,84
Toiletries,2025-08-18,H2,37482,4927075.0,109,85
Toiletries,2025-08-19,H2,46935,5629275.87,118,98
Toiletries,2025-08-20,H2,36395,4949053.44,123,97
Toiletries,2025-08-21,H2,30807,3729167.95,121,102
Toiletries,2025-08-22,H2,23971,3511528.71,117,100
Toiletries,2025-08-23,H2,24605,3315933.9899999998,119,103
Toiletries,2025-08-25,H2,25166,3162287.5,117,95
Toiletries,2025-08-26,H2,26794,3531029.51,123,101
Toiletries,2025-08-27,H2,29949,3846348.96,117,98
Toiletries,2025-08-28,H2,32857,4317031.06,121,105
Toiletries,2025-08-29,H2,52727,6331190.24,199,156
Toiletries,2025-08-30,H2,69123,8632167.29,112,103
Toiletries,2025-09-01,H2,13145,2904134.93,39,36
Toiletries,2025-09-02,H2,33166,4858308.78,57,50
Toiletries,2025-09-03,H2,50337,6782926.87,93,74
Toiletries,2025-09-04,H2,94448,11156273.33,155,104
Toiletries,2025-09-05,H2,50357,6686291.66,109,89
Toiletries,2025-09-06,H2,41475,4633622.02,80,69
Toiletries,2025-09-08,H2,22404,3476011.09,64,58
Toiletries,2025-09-09,H2,34175,3886185.57,123,95
Toiletries,2025-09-10,H2,53372,5692250.21,156,119
Toiletries,2025-09-11,H2,81681,7459835.36,162,120
Toiletries,2025-09-12,H2,49762,5225376.29,47,44
Toiletries,2025-09-13,H2,49348,5532723.32,116,83
Toiletries,2025-09-15,H2,33685,4084453.98,59,56
Toiletries,2025-09-16,H2,41175,4696631.25,70,62
Toiletries,2025-09-17,H2,53492,5567153.15,132,111
Toiletries,2025-09-18,H2,70019,6775409.3100000005,89,74
Toiletries,2025-09-19,H2,14138,2147576.88,36,34
Toiletries,2025-09-20,H2,33178,4034894.65,142,99
Toiletries,2025-09-22,H2,14310,2191111.29,28,28
Toiletries,2025-09-23,H2,63681,6604897.78,119,99
Toiletries,2025-09-24,H2,17841,2768039.54,64,60
Toiletries,2025-09-25,H2,19008,3595416.68,40,38
Toiletries,2025-09-26,H2,16020,2739936.16,37,33
Toiletries,2025-09-27,H2,62353,6057108.84,150,106
Toiletries,2025-09-29,H2,102152,8552923.8,137,99
Toiletries,2025-09-30,H2,83123,11093082.9,359,219
Toiletries,2025-10-01,H2,22884,4367402.7,46,42
Toiletries,2025-10-02,H2,25772,4644113.16,77,64
Toiletries,2025-10-03,H2,20571,3398528.04,85,71
Toiletries,2025-10-04,H2,22806,3503979.74,51,47
Toiletries,2025-10-06,H2,24805,2914527.52,55,53
Toiletries,2025-10-07,H2,27091,3830855.04,75,68
Toiletries,2025-10-08,H2,57143,7847754.5,313,154
Toiletries,2025-10-09,H2,27316,3926348.68,134,113
Toiletries,2025-10-10,H2,31704,4936440.31,149,125
Toiletries,2025-10-11,H2,12957,2146654.64,31,30
Toiletries,2025-10-13,H2,16658,2612640.04,101,88
Toiletries,2025-10-14,H2,22000,3362569.68,51,48
Toiletries,2025-10-15,H2,29255,3857526.77,51,45
Toiletries,2025-10-16,H2,27568,4172669.98,130,113
Toiletries,2025-10-17,H2,26923,3980664.46,69,63
Toiletries,2025-10-18,H2,6504,976229.66,18,16
Toiletries,2025-10-20,H2,25840,3783430.67,138,121
Toiletries,2025-10-21,H2,23695,2913620.06,74,67
Toiletries,2025-10-22,H2,22928,3383634.08,114,101
Toiletries,2025-10-23,H2,18103,2915423.68,93,87
Toiletries,2025-10-24,H2,19764,3213113.6,103,92
Toiletries,2025-10-25,H2,116807,13395217.55,104,66
Toiletries,2025-10-27,H2,90368,9493239.91,80,63
Toiletries,2025-10-28,H2,17196,2401167.46,53,47
Toiletries,2025-10-29,H2,84926,8233764.98,69,60
Toiletries,2025-10-30,H2,125943,11870191.71,114,83
Toiletries,2025-10-31,H2,113643,15074614.56,160,113
Toiletries,2025-11-01,H2,40860,4112448.63,122,101
Toiletries,2025-11-03,H2,55127,4947875.66,141,121
Toiletries,2025-11-04,H2,41148,4465625.12,113,104
Toiletries,2025-11-05,H2,40998,4805692.04,122,112
Toiletries,2025-11-06,H2,61784,6081958.36,138,119
Toiletries,2025-11-07,H2,44483,4738065.68,129,115
Toiletries,2025-11-08,H2,25115,4113137.9,62,51
Toiletries,2025-11-10,H2,27568,3680885.61,67,60
Toiletries,2025-11-11,H2,39405,4244400.28,67,62
Toiletries,2025-11-12,H2,18919,2414789.33,57,52
Toiletries,2025-11-13,H2,62519,4453349.03,153,112
Toiletries,2025-11-14,H2,20275,3398912.0,35,32
Toiletries,2025-11-15,H2,91364,6443688.69,229,146
Toiletries,2025-11-17,H2,96162,5280006.24,210,129
Toiletries,2025-11-18,H2,141013,4590496.63,211,118
Toiletries,2025-11-19,H2,121167,4246698.77,170,108
Toiletries,2025-11-20,H2,163065,6926959.86,266,158
Toiletries,2025-11-21,H2,321997,9583223.41,344,170
Toiletries,2025-11-22,H2,89053,4499631.27,124,90
Toiletries,2025-11-24,H2,100907,4129354.66,115,92
Toiletries,2025-11-25,H2,60639,3176104.59,90,71
Toiletries,2025-11-26,H2,78463,3668806.74,113,94
Toiletries,2025-11-27,H2,73433,2605263.78,94,74
Toiletries,2025-11-28,H2,42480,2920901.1,54,52
Toiletries,2025-11-29,H2,39837,2250814.2,45,41
Toiletries,2025-12-01,H2,49529,6589820.13,117,93
Toiletries,2025-12-02,H2,55669,7878933.36,86,71
Toiletries,2025-12-03,H2,32805,6198356.8,75,62
Toiletries,2025-12-04,H2,72992,8828472.08,99,85
Toiletries,2025-12-05,H2,52143,7296799.07,85,73
Toiletries,2025-12-06,H2,43126,6221339.7,85,70
Toiletries,2025-12-08,H2,53837,7529783.97,104,82
Toiletries,2025-12-09,H2,58086,8408530.21,114,106
Toiletries,2025-12-10,H2,44509,6322048.51,78,76
Toiletries,2025-12-11,H2,46551,7225177.32,91,85
Toiletries,2025-12-12,H2,34141,5599911.42,93,88
Toiletries,2025-12-13,H2,37051,5127794.2,80,76
Toiletries,2025-12-15,H2,76394,10445734.31,127,114
Toiletries,2025-12-16,H2,37241,6393475.88,92,83
Toiletries,2025-12-17,H2,61391,8738664.61,112,109
Toiletries,2025-12-18,H2,63538,10246030.99,146,128
Toiletries,2025-12-19,H2,46714,6870637.87,147,125
Toiletries,2025-12-20,H2,29583,4226367.61,130,124
Toiletries,2025-12-22,H2,17382,3661924.0300000003,38,37
Toiletries,2025-12-23,H2,5305,1164341.0,16,12
Unknown,2025-06-30,H2,104919,17426568.91,134,94
Unknown,2025-07-01,H2,1032,295178.0,3,3
Unknown,2025-07-02,H2,888,256975.8,6,6
Unknown,2025-07-03,H2,1574,331418.8,13,13
Unknown,2025-07-04,H2,1391,317074.0,9,9
Unknown,2025-07-05,H2,1452,422007.8,4,4
Unknown,2025-07-07,H2,1479,216409.8,8,7
Unknown,2025-07-08,H2,4821,1695845.58,29,28
Unknown,2025-07-09,H2,9016,2335178.09,46,42
Unknown,2025-07-10,H2,9852,2429499.05,49,44
Unknown,2025-07-11,H2,5667,1326202.9,28,25
Unknown,2025-07-12,H2,5320,1339698.5,28,26
Unknown,2025-07-14,H2,3081,1049191.5,25,24
Unknown,2025-07-15,H2,1862,258391.3,12,12
Unknown,2025-07-16,H2,2647,650762.3,13,13
Unknown,2025-07-17,H2,6496,1425952.94,42,38
Unknown,2025-07-18,H2,6684,1800879.2,25,23
Unknown,2025-07-19,H2,1051,330588.2,4,4
Unknown,2025-07-21,H2,7805,1589529.19,28,25
Unknown,2025-07-22,H2,3820,886496.7,22,22
Unknown,2025-07-23,H2,4368,1160919.0,23,19
Unknown,2025-07-24,H2,8501,2071075.9,48,38
Unknown,2025-07-25,H2,2203,482797.75,30,25
Unknown,2025-07-26,H2,9617,3014512.72,46,39
Unknown,2025-07-28,H2,15576,4201314.03,67,53
Unknown,2025-07-29,H2,11038,2500645.18,48,36
Unknown,2025-07-30,H2,11005,3581680.19,56,41
Unknown,2025-07-31,H2,21212,3457919.35,74,64
Unknown,2025-08-01,H2,4034,1339829.1099999999,14,14
Unknown,2025-08-02,H2,5199,1117879.22,22,22
Unknown,2025-08-04,H2,15204,2801189.56,40,40
Unknown,2025-08-05,H2,3124,821382.6799999999,26,26
Unknown,2025-08-06,H2,7447,1678353.05,22,22
Unknown,2025-08-07,H2,3180,641740.82,26,25
Unknown,2025-08-08,H2,74489,12508696.4,159,156
Unknown,2025-08-09,H2,65837,11822272.0,212,201
Unknown,2025-08-11,H2,101106,15666001.32,272,194
Unknown,2025-08-12,H2,19177,3304833.11,65,51
Unknown,2025-08-13,H2,42326,4672446.97,69,52
Unknown,2025-08-14,H2,26628,4747269.47,72,60
Unknown,2025-08-15,H2,26287,3283897.72,67,57
Unknown,2025-08-16,H2,21097,2658770.56,62,54
Unknown,2025-08-18,H2,14466,2433813.55,59,52
Unknown,2025-08-19,H2,19011,3051941.77,77,61
Unknown,2025-08-20,H2,14637,2544086.53,72,60
Unknown,2025-08-21,H2,15741,2439050.28,70,61
Unknown,2025-08-22,H2,9261,1701303.94,68,63
Unknown,2025-08-23,H2,11601,1734288.59,75,68
Unknown,2025-08-25,H2,14864,2013932.3399999999,69,60
Unknown,2025-08-26,H2,17396,2214851.52,66,61
Unknown,2025-08-27,H2,16907,3272956.55,77,68
Unknown,2025-08-28,H2,11781,2224151.48,67,60
Unknown,2025-08-29,H2,21461,3178306.27,122,99
Unknown,2025-08-30,H2,27912,5793388.41,72,69
Unknown,2025-09-01,H2,4573,921399.02,21,18
Unknown,2025-09-02,H2,6271,1213196.65,33,32
Unknown,2025-09-03,H2,11541,2534251.44,75,61
Unknown,2025-09-04,H2,18101,4453210.01,148,96
Unknown,2025-09-05,H2,23379,4241316.57,85,66
Unknown,2025-09-06,H2,14764,3141440.72,64,55
Unknown,2025-09-08,H2,2141,608796.2,17,16
Unknown,2025-09-09,H2,21895,6156398.51,59,49
Unknown,2025-09-10,H2,27633,6635449.67,64,53
Unknown,2025-09-11,H2,33508,10098508.25,79,65
Unknown,2025-09-12,H2,5369,1191127.55,12,11
Unknown,2025-09-13,H2,19391,5456083.85,61,46
Unknown,2025-09-15,H2,1385,567220.59,15,14
Unknown,2025-09-16,H2,4986,1662178.05,33,30
Unknown,2025-09-17,H2,13990,3736467.28,66,54
Unknown,2025-09-18,H2,12455,3280803.25,36,30
Unknown,2025-09-19,H2,12,3660.0,1,1
Unknown,2025-09-20,H2,15214,4241544.58,65,54
Unknown,2025-09-22,H2,53,16165.0,2,2
Unknown,2025-09-23,H2,17264,6096744.33,57,51
Unknown,2025-09-24,H2,2539,1148340.2,25,24
Unknown,2025-09-25,H2,46,12270.95,6,6
Unknown,2025-09-26,H2,191,38628.9,3,3
Unknown,2025-09-27,H2,26836,7966121.6899999995,77,61
Unknown,2025-09-29,H2,26797,7164577.2700000005,53,46
Unknown,2025-09-30,H2,40994,9933090.540000001,135,112
Unknown,2025-10-01,H2,3984,672696.4,20,19
Unknown,2025-10-02,H2,8716,1672212.71,36,31
Unknown,2025-10-03,H2,21275,3012371.16,61,48
Unknown,2025-10-04,H2,11085,2301244.49,37,33
Unknown,2025-10-06,H2,8727,1425350.3599999999,29,27
Unknown,2025-10-07,H2,10034,1492172.26,40,33
Unknown,2025-10-08,H2,80379,14768628.34,306,132
Unknown,2025-10-09,H2,21962,3891834.84,130,108
Unknown,2025-10-10,H2,18269,3221263.85,127,105
Unknown,2025-10-11,H2,406,83183.88,10,10
Unknown,2025-10-13,H2,8540,1779500.21,75,69
Unknown,2025-10-14,H2,6334,947312.2,23,23
Unknown,2025-10-15,H2,4871,668277.49,33,31
Unknown,2025-10-16,H2,26685,4339497.22,120,106
Unknown,2025-10-17,H2,6659,1341352.8599999999,47,43
Unknown,2025-10-18,H2,103,30343.79,4,4
Unknown,2025-10-20,H2,20877,3503981.11,143,122
Unknown,2025-10-21,H2,17154,2491543.54,63,57
Unknown,2025-10-22,H2,13755,3213003.65,99,81
Unknown,2025-10-23,H2,13892,2238738.28,83,75
Unknown,2025-10-24,H2,8615,1589107.26,71,64
Unknown,2025-10-25,H2,102305,22743276.58,97,49
Unknown,2025-10-27,H2,39266,8409576.69,41,30
Unknown,2025-10-28,H2,26519,6299096.71,20,17
Unknown,2025-10-29,H2,58842,12209750.55,53,33
Unknown,2025-10-30,H2,118285,19514655.19,105,64
Unknown,2025-10-31,H2,135699,28249096.669999998,146,86
Unknown,2025-11-01,H2,100460,7434155.94,112,100
Unknown,2025-11-03,H2,142442,9518144.74,127,113
Unknown,2025-11-04,H2,68802,5545208.73,106,101
Unknown,2025-11-05,H2,82784,5674487.83,96,86
Unknown,2025-11-06,H2,92609,6794454.34,129,119
Unknown,2025-11-07,H2,133742,9488340.959999999,125,112
Unknown,2025-11-08,H2,51045,3208106.49,32,28
Unknown,2025-11-10,H2,46845,2849656.53,38,37
Unknown,2025-11-11,H2,51800,3151842.9699999997,42,37
Unknown,2025-11-12,H2,54468,3228316.2399999998,35,31
Unknown,2025-11-13,H2,160095,10231002.87,137,97
Unknown,2025-11-14,H2,2,84.0,2,2
Unknown,2025-11-15,H2,310078,19710748.1,254,148
Unknown,2025-11-17,H2,379308,16285748.73,213,121
Unknown,2025-11-18,H2,661617,15914799.88,187,93
Unknown,2025-11-19,H2,507969,11174159.94,153,90
Unknown,2025-11-20,H2,670165,15298367.49,252,141
Unknown,2025-11-21,H2,1422760,35092410.6,324,145
Unknown,2025-11-22,H2,413712,10401799.69,95,71
Unknown,2025-11-24,H2,439285,11818178.81,87,68
Unknown,2025-11-25,H2,209357,5537788.02,56,44
Unknown,2025-11-26,H2,301100,7275857.19,80,64
Unknown,2025-11-27,H2,373483,8885598.24,84,66
Unknown,2025-11-28,H2,97858,1967835.48,25,25
Unknown,2025-11-29,H2,144653,3817212.56,29,28
Unknown,2025-12-01,H2,16516,3719444.31,84,69
Unknown,2025-12-02,H2,17153,3446426.7399999998,47,40
Unknown,2025-12-03,H2,17649,3501398.9,55,42
Unknown,2025-12-04,H2,19876,3441859.14,59,52
Unknown,2025-12-05,H2,13243,2465754.93,65,51
Unknown,2025-12-06,H2,23518,4850755.79,65,56
Unknown,2025-12-08,H2,25727,4870794.81,73,50
Unknown,2025-12-09,H2,57072,12316926.79,116,108
Unknown,2025-12-10,H2,28386,6931094.52,54,53
Unknown,2025-12-11,H2,37956,6654172.89,74,74
Unknown,2025-12-12,H2,35337,9384091.29,81,80
Unknown,2025-12-13,H2,40065,9080730.09,80,78
Unknown,2025-12-15,H2,54599,11454514.38,109,104
Unknown,2025-12-16,H2,41722,8602055.39,100,98
Unknown,2025-12-17,H2,38653,8104689.4799999995,107,105
Unknown,2025-12-18,H2,60473,13420315.26,144,131
Unknown,2025-12-19,H2,40960,10052637.75,174,136
Unknown,2025-12-20,H2,15437,3229288.92,155,154
Vehicles & Parts,2025-06-30,H2,10,6350.0,1,1
Vehicles & Parts,2025-07-03,H2,10,6400.0,1,1
Vehicles & Parts,2025-07-04,H2,20,12800.0,1,1
Vehicles & Parts,2025-07-05,H2,30,19200.0,1,1
Vehicles & Parts,2025-07-07,H2,19,12065.0,1,1
Vehicles & Parts,2025-07-09,H2,20,12700.0,1,1
Vehicles & Parts,2025-07-15,H2,105,67150.0,3,3
Vehicles & Parts,2025-07-17,H2,60,36850.0,2,2
Vehicles & Parts,2025-07-18,H2,100,63000.0,1,1
Vehicles & Parts,2025-07-19,H2,170,106500.0,3,3
Vehicles & Parts,2025-07-21,H2,120,76800.0,2,2
Vehicles & Parts,2025-07-22,H2,49,30480.0,2,2
Vehicles & Parts,2025-07-24,H2,8,4960.0,1,1
Vehicles & Parts,2025-07-25,H2,50,31400.0,2,2
Vehicles & Parts,2025-07-28,H2,70,44800.0,2,2
Vehicles & Parts,2025-07-29,H2,20,12800.0,2,1
Vehicles & Parts,2025-07-30,H2,50,31750.0,1,1
Vehicles & Parts,2025-07-31,H2,20,12600.0,1,1
Vehicles & Parts,2025-08-01,H2,10,6400.0,1,1
Vehicles & Parts,2025-08-02,H2,70,44350.0,2,2
Vehicles & Parts,2025-08-04,H2,60,38250.0,2,2
Vehicles & Parts,2025-08-05,H2,100,63000.0,1,1
Vehicles & Parts,2025-08-06,H2,10,6300.0,1,1
Vehicles & Parts,2025-08-07,H2,130,81600.0,3,3
Vehicles & Parts,2025-08-08,H2,20,12600.0,1,1
Vehicles & Parts,2025-08-09,H2,100,63500.0,1,1
Vehicles & Parts,2025-08-11,H2,40,25800.0,3,3
Vehicles & Parts,2025-08-12,H2,10,6400.0,1,1
Vehicles & Parts,2025-08-13,H2,100,63500.0,1,1
Vehicles & Parts,2025-08-14,H2,10,6350.0,1,1
Vehicles & Parts,2025-08-18,H2,10,6400.0,1,1
Vehicles & Parts,2025-08-19,H2,20,12800.0,1,1
Vehicles & Parts,2025-08-20,H2,49,31265.0,2,2
Vehicles & Parts,2025-08-22,H2,20,12700.0,1,1
Vehicles & Parts,2025-08-28,H2,5,3150.0,1,1
Vehicles & Parts,2025-08-29,H2,100,64000.0,2,2
Vehicles & Parts,2025-09-01,H2,10,6400.0,1,1
Vehicles & Parts,2025-09-02,H2,70,44350.0,2,2
Vehicles & Parts,2025-09-03,H2,10,6250.0,1,1
Vehicles & Parts,2025-09-04,H2,50,32000.0,1,1
Vehicles & Parts,2025-09-05,H2,100,63000.0,1,1
Vehicles & Parts,2025-09-06,H2,120,75500.0,3,3
Vehicles & Parts,2025-09-08,H2,40,25000.0,2,2
Vehicles & Parts,2025-09-09,H2,100,63500.0,1,1
Vehicles & Parts,2025-09-10,H2,40,25800.0,3,3
Vehicles & Parts,2025-09-12,H2,110,69900.0,2,2
Vehicles & Parts,2025-09-13,H2,10,6350.0,1,1
Vehicles & Parts,2025-09-17,H2,10,6400.0,1,1
Vehicles & Parts,2025-09-18,H2,30,19150.0,2,2
Vehicles & Parts,2025-09-19,H2,100,63000.0,1,1
Vehicles & Parts,2025-09-20,H2,170,106500.0,3,3
Vehicles & Parts,2025-09-22,H2,120,76800.0,2,2
Vehicles & Parts,2025-09-23,H2,49,30480.0,2,2
Vehicles & Parts,2025-09-25,H2,8,4960.0,1,1
Vehicles & Parts,2025-09-26,H2,50,31400.0,2,2
Vehicles & Parts,2025-09-29,H2,90,57600.0,4,3
Vehicles & Parts,2025-09-30,H2,70,44350.0,2,2
Vehicles & Parts,2025-10-01,H2,10,6400.0,1,1
Vehicles & Parts,2025-10-02,H2,70,44350.0,2,2
Vehicles & Parts,2025-10-03,H2,10,6250.0,1,1
Vehicles & Parts,2025-10-04,H2,150,95000.0,2,2
Vehicles & Parts,2025-10-07,H2,120,75500.0,3,3
Vehicles & Parts,2025-10-08,H2,40,25000.0,2,2
Vehicles & Parts,2025-10-09,H2,100,63500.0,1,1
Vehicles & Parts,2025-10-10,H2,40,25800.0,3,3
Vehicles & Parts,2025-10-13,H2,110,69900.0,2,2
Vehicles & Parts,2025-10-14,H2,10,6350.0,1,1
Vehicles & Parts,2025-10-15,H2,10,6400.0,1,1
Vehicles & Parts,2025-10-16,H2,70,44350.0,2,2
Vehicles & Parts,2025-10-17,H2,10,6250.0,1,1
Vehicles & Parts,2025-10-18,H2,50,32000.0,1,1
Vehicles & Parts,2025-10-20,H2,100,63000.0,1,1
Vehicles & Parts,2025-10-21,H2,120,75500.0,3,3
Vehicles & Parts,2025-10-22,H2,40,25000.0,2,2
Vehicles & Parts,2025-10-23,H2,100,63500.0,1,1
Vehicles & Parts,2025-10-24,H2,40,25800.0,3,3
Vehicles & Parts,2025-10-27,H2,110,69900.0,2,2
Vehicles & Parts,2025-10-28,H2,10,6350.0,1,1
Vehicles & Parts,2025-10-30,H2,10,6400.0,1,1
Vehicles & Parts,2025-10-31,H2,20,12800.0,1,1
Vehicles & Parts,2025-11-01,H2,110,69350.0,2,2
Vehicles & Parts,2025-11-03,H2,170,106500.0,3,3
Vehicles & Parts,2025-11-04,H2,169,107280.0,4,4
Vehicles & Parts,2025-11-05,H2,8,4960.0,1,1
Vehicles & Parts,2025-11-06,H2,50,31400.0,2,2
Vehicles & Parts,2025-11-07,H2,70,44800.0,2,2
Vehicles & Parts,2025-11-08,H2,20,12800.0,2,1
Vehicles & Parts,2025-11-10,H2,70,44350.0,2,2
Vehicles & Parts,2025-11-11,H2,10,6400.0,1,1
Vehicles & Parts,2025-11-12,H2,20,12800.0,1,1
Vehicles & Parts,2025-11-13,H2,49,31265.0,2,2
Vehicles & Parts,2025-11-15,H2,20,12700.0,1,1
Vehicles & Parts,2025-11-18,H2,5,3150.0,1,1
Vehicles & Parts,2025-11-19,H2,100,64000.0,2,2
Vehicles & Parts,2025-11-20,H2,10,6400.0,1,1
Vehicles & Parts,2025-11-21,H2,60,38150.0,2,2
Vehicles & Parts,2025-11-22,H2,30,18850.0,2,2
Vehicles & Parts,2025-11-24,H2,150,95000.0,2,2
Vehicles & Parts,2025-11-25,H2,120,75500.0,3,3
Vehicles & Parts,2025-11-26,H2,140,88500.0,3,3
Vehicles & Parts,2025-11-28,H2,30,19500.0,2,2
Vehicles & Parts,2025-11-29,H2,10,6300.0,1,1
Vehicles & Parts,2025-12-01,H2,110,69350.0,2,2
Vehicles & Parts,2025-12-02,H2,310,195800.0,6,5
Vehicles & Parts,2025-12-03,H2,29,17980.0,1,1
Vehicles & Parts,2025-12-04,H2,58,36360.0,3,3
Vehicles & Parts,2025-12-05,H2,50,32000.0,1,1
Vehicles & Parts,2025-12-06,H2,40,25600.0,3,2
Vehicles & Parts,2025-12-08,H2,70,44350.0,2,2
Vehicles & Parts,2025-12-10,H2,30,19200.0,2,2
Vehicles & Parts,2025-12-11,H2,49,31265.0,2,2
Vehicles & Parts,2025-12-12,H2,20,12700.0,1,1
Vehicles & Parts,2025-12-16,H2,105,67150.0,3,3
Vehicles & Parts,2025-12-17,H2,10,6400.0,1,1
Vehicles & Parts,2025-12-18,H2,110,69350.0,2,2
Vehicles & Parts,2025-12-19,H2,170,106500.0,3,3
Vehicles & Parts,2025-12-20,H2,169,107280.0,4,4
Vehicles & Parts,2025-12-23,H2,38,23560.0,2,2
