customer_id,customer_name,primary_region,total_orders,total_units,total_revenue,avg_order_value,avg_days_between_orders,cycle_regularity,buyer_type,customer_segment,first_order,last_order,active_weeks
820,MAZWABA TRADING & PROJECTS,Cape Town,49,52482.0,15278838.126713237,311813.0229941477,7.083333333333333,Monthly,High-Value Buyer,Medium Retailer,2025-01-11,2025-12-17,37
815,THOKOMAN FOODS SA (Pty) Ltd,Cape Town,70,104912.0,21440121.39,306287.44842857146,5.072463768115942,Bi-weekly,Bulk Buyer,Bulk/Wholesale,2025-01-06,2025-12-22,46
814,BRITS MUTHI SHOP,Cape Town,33,35703.0,7769969.18,235453.6115151515,10.1875,Sporadic,High-Value Buyer,Medium Retailer,2025-01-27,2025-12-19,25
719,JZH CAPITAL INVESTMENT,Cape Town,57,70222.0,16236542.17,284851.6170175439,6.160714285714286,Bi-weekly,High-Value Buyer,Medium Retailer,2025-01-08,2025-12-19,41
724,ABANTU CASH AND CARRY,Cape Town,88,99360.0,25427480.789999742,288948.64534090617,4.094117647058823,Weekly,High-Value Buyer,Medium Retailer,2025-01-06,2025-12-20,48
943,CAMHILL DISTRIBUTORS,Cape Town,69,74160.0,16026085.140839059,232262.10349042114,5.088235294117647,Weekly,High-Value Buyer,Medium Retailer,2025-01-10,2025-12-22,49
733,BARQADLE GENERAL DEALER,Cape Town,66,87034.0,25406069.0602097,384940.4403062076,5.390625,Bi-weekly,High-Value Buyer,Medium Retailer,2025-01-08,2025-12-19,46
636,AFRICAN QUALITY TRADING,Cape Town,85,82694.0,18929339.200000003,222698.10823529414,4.375,Bi-weekly,High-Value Buyer,Medium Retailer,2025-01-06,2025-12-22,46
972,A B C CASH & CARRY,Cape Town,58,72237.0,18621525.992027402,321060.7929659897,6.160714285714286,Bi-weekly,High-Value Buyer,Medium Retailer,2025-01-09,2025-12-20,44
730,KTA TRADING & PROJECTS,Cape Town,59,58894.0,14729732.83,249656.4886440678,5.9655172413793105,Bi-weekly,High-Value Buyer,Medium Retailer,2025-01-07,2025-12-19,41
857,SUNNY CASH & CARRY,Cape Town,65,73845.0,18872318.0309789,290343.3543227523,5.28125,Weekly,High-Value Buyer,Medium Retailer,2025-01-06,2025-12-10,44
678,MD MUTHI SHOP,Cape Town,56,60753.0,13743411.379999999,245418.06035714285,6.2727272727272725,Bi-weekly,High-Value Buyer,Medium Retailer,2025-01-08,2025-12-19,42
409,JOHN GENERAL,Gauteng,116,110853.0,19469914.026643254,167844.08643657976,3.5,Bi-weekly,Bulk Buyer,Bulk/Wholesale,2025-01-10,2025-12-19,44
329,AFROHEALTH,Cape Town,95,72863.0,17779571.06,187153.37957894735,3.9318181818181817,Weekly,High-Value Buyer,Medium Retailer,2025-01-08,2025-12-20,46
836,BEST OPSENT TRADE IN,Cape Town,47,52817.0,11223123.259999743,238789.8565957392,7.5,Monthly,High-Value Buyer,Medium Retailer,2025-01-09,2025-12-20,38
864,BATHUSENG IMPORTS &  EXPORTS,Cape Town,58,59818.0,14225434.14881114,245266.10601398515,6.142857142857143,Bi-weekly,High-Value Buyer,Medium Retailer,2025-01-09,2025-12-19,43
931,NKOSANA TUCK SHOP,Cape Town,40,29886.0,7226590.01,180664.75024999998,8.64102564102564,Monthly,High-Value Buyer,Medium Retailer,2025-01-15,2025-12-18,31
337,QORAHAY GENERAL TRADING,Cape Town,92,113196.0,28072398.639999483,305134.7678260813,3.831460674157303,Weekly,Bulk Buyer,Bulk/Wholesale,2025-01-13,2025-12-20,47
755,ASHFIR TRADING CC,Cape Town,59,59328.0,13149865.71,222879.07983050848,6.0344827586206895,Bi-weekly,High-Value Buyer,Medium Retailer,2025-01-06,2025-12-22,44
326,SALEH SWEETS,Cape Town,71,47515.0,8979477.01,126471.50718309858,5.151515151515151,Monthly,High-Value Buyer,Medium Retailer,2025-01-13,2025-12-19,36
624,KURA SUPER MARKET,Gauteng,168,231491.0,40046347.269999996,238371.11470238093,2.3379310344827586,Weekly,Bulk Buyer,Bulk/Wholesale,2025-01-15,2025-12-20,47
691,SERIFATU IMPORT AND EXPORT,Cape Town,66,80362.0,21342263.98,323367.63606060605,5.390625,Bi-weekly,High-Value Buyer,Medium Retailer,2025-01-07,2025-12-18,44
660,RED SEA CASH & CARRY,Cape Town,71,70101.0,15442058.379999999,217493.78,5.074626865671642,Bi-weekly,High-Value Buyer,Medium Retailer,2025-01-16,2025-12-22,41
426,MANTELA TRADING 220 CC,Cape Town,73,67093.0,17265022.68,236507.16,5.08955223880597,Bi-weekly,High-Value Buyer,Medium Retailer,2025-01-15,2025-12-22,42
847,EAST AND SOUTH CASH AND CARRY,Cape Town,63,65371.0,17453049.060139842,277032.5247641245,5.629032258064516,Bi-weekly,High-Value Buyer,Medium Retailer,2025-01-07,2025-12-22,46
390,A K SUPERMARKET,Polokwane,153,185942.0,39394844.14904885,257482.6414970513,2.6,Weekly,Bulk Buyer,Bulk/Wholesale,2025-01-15,2025-12-19,47
638,TIC & TAC SUPERMARKET,Cape Town,95,73686.0,20271134.284964878,213380.36089436713,4.069767441860465,Weekly,High-Value Buyer,Medium Retailer,2025-01-06,2025-12-22,48
547,K.G.N SUPPLIERS,Gauteng,36,18995.0,4282524.609999999,118959.01694444443,10.34375,Monthly,High-Value Buyer,Medium Retailer,2025-01-22,2025-12-19,26
520,SWEET CORNER & COSMETICS,Cape Town,121,147883.0,31413704.03,259617.38867768596,3.326923076923077,Weekly,Bulk Buyer,Bulk/Wholesale,2025-01-10,2025-12-22,48
784,RIRHANDZU DISTRIBUTORS,Cape Town,64,70849.0,14955152.388321627,233674.25606752542,5.721311475409836,Bi-weekly,High-Value Buyer,Medium Retailer,2025-01-07,2025-12-22,44
674,LUCKY NR 5 SUPERMARKET,Cape Town,35,27105.0,5891654.58,168332.988,10.029411764705882,Sporadic,High-Value Buyer,Medium Retailer,2025-01-15,2025-12-22,31
365,OCEAN CASH & CARRY,Cape Town,94,104521.0,27163199.94077471,288970.21213590115,3.8876404494382024,Weekly,Bulk Buyer,Bulk/Wholesale,2025-01-07,2025-12-19,49
686,AL SYED TRADINGS,Cape Town,75,114445.0,29432244.35,392429.92466666666,4.635135135135135,Weekly,Bulk Buyer,Bulk/Wholesale,2025-01-13,2025-12-22,48
893,SAJAL TRADERS,Cape Town,66,100882.0,22914944.5,347196.1287878788,5.476190476190476,Bi-weekly,Bulk Buyer,Bulk/Wholesale,2025-01-08,2025-12-19,45
967,CHAMPION CASH&CARRY,Cape Town,50,38391.0,9902136.926223723,198042.73852447447,7.061224489795919,Bi-weekly,High-Value Buyer,Medium Retailer,2025-01-08,2025-12-20,38
971,TRIPLE CREST TRADING,Cape Town,46,47662.0,11319368.92,246073.23739130434,6.488888888888889,Monthly,High-Value Buyer,Medium Retailer,2025-03-05,2025-12-22,35
666,EJABA FIVE STAR DISTRIBUTORS,Cape Town,61,65633.0,17106962.47,280442.00770491804,5.728813559322034,Bi-weekly,High-Value Buyer,Medium Retailer,2025-01-14,2025-12-18,41
792,S AKBAR TRADING,Cape Town,108,113881.0,28146869.06,260619.15796296296,3.3689320388349513,Weekly,Bulk Buyer,Bulk/Wholesale,2025-01-09,2025-12-22,50
970,WARRICH CASH AND CARRY,Cape Town,41,43966.0,9580835.69,233678.91926829267,7.05,Monthly,High-Value Buyer,Medium Retailer,2025-03-12,2025-12-19,33
342,NKATEKO DISTRIBUTORS,Cape Town,80,95523.0,22452220.330000002,280652.75412500004,4.626666666666667,Bi-weekly,High-Value Buyer,Medium Retailer,2025-01-09,2025-12-22,46
649,GRL WILLIAMS TRADING & PROJECT,Cape Town,66,49981.0,9780306.809999999,148186.4668181818,5.733333333333333,Bi-weekly,High-Value Buyer,Medium Retailer,2025-01-10,2025-12-20,36
645,DAYSTAR DISTROBUTION,Cape Town,107,128333.0,24750758.980000004,231315.50448598134,3.6595744680851063,Bi-weekly,Bulk Buyer,Bulk/Wholesale,2025-01-10,2025-12-20,44
846,TSHABETHE TRADING & PRJ,Cape Town,73,85696.0,23827295.19,326401.30397260276,4.777777777777778,Bi-weekly,High-Value Buyer,Medium Retailer,2025-01-09,2025-12-19,42
842,AFRICAN SAVE CASH & CARRY,Cape Town,63,78287.0,19079412.55,302847.81825396826,5.612903225806452,Bi-weekly,High-Value Buyer,Medium Retailer,2025-01-08,2025-12-22,44
553,SK WHOLESALERS,Cape Town,102,129644.0,23846443.92,233788.66588235297,3.6774193548387095,Bi-weekly,Bulk Buyer,Bulk/Wholesale,2025-01-11,2025-12-19,39
767,LYNNE VIRGIN HAIR&ACCESSORIES,Cape Town,53,46580.0,13671683.27,257956.28811320753,6.653846153846154,Bi-weekly,High-Value Buyer,Medium Retailer,2025-01-07,2025-12-19,39
902,CHEMTEK CARE,Cape Town,26,16045.0,3731252.42,143509.70846153845,11.68,Sporadic,High-Value Buyer,Medium Retailer,2025-03-01,2025-12-18,22
975,EASY SUPERMARKET & DELI,Cape Town,55,59836.0,14591505.850000001,265300.1063636364,6.425925925925926,Bi-weekly,High-Value Buyer,Medium Retailer,2025-01-06,2025-12-19,41
364,THREE BROTHERS WHOLESALERS,Cape Town,98,91442.0,24479611.270000003,249791.95173469392,4.011494252873563,Weekly,High-Value Buyer,Medium Retailer,2025-01-07,2025-12-22,48
362,5 STAR CASH AND CARRY,Polokwane,115,98798.0,23300048.560000002,202609.1179130435,3.414141414141414,Weekly,High-Value Buyer,Medium Retailer,2025-01-15,2025-12-19,46
932,AKHIKHAYA TRADING & PROJECTS,Cape Town,43,44828.0,10957219.459300656,254819.05719303852,7.857142857142857,Monthly,High-Value Buyer,Medium Retailer,2025-01-22,2025-12-18,34
955,LHH TRADING PROJECTS,Cape Town,31,17340.0,3981547.608811141,128437.01963906907,11.551724137931034,Sporadic,High-Value Buyer,Medium Retailer,2025-01-16,2025-12-17,26
958,RONSAM MUTHI SHOP & COSMETICS,Cape Town,53,91419.0,16703591.888950985,315162.1111122827,6.549019607843137,Bi-weekly,High-Value Buyer,Medium Retailer,2025-01-20,2025-12-20,38
359,CITY SQUARE PHARMACY,Cape Town,81,60662.0,13622944.48,168184.49975308642,4.873239436619718,Bi-weekly,High-Value Buyer,Medium Retailer,2025-01-10,2025-12-22,39
615,DHK DAIPERS SA,Gauteng,44,52969.0,8140968.100000001,185022.0022727273,9.078947368421053,Monthly,High-Value Buyer,Medium Retailer,2025-01-09,2025-12-20,29
199,AFRICAN SUPERMARKET (SAM),Gauteng,227,626858.0,67245177.76,296234.2632599119,2.4748201438848922,Weekly,Bulk Buyer,Bulk/Wholesale,2025-01-10,2025-12-20,49
516,BRIGHT IDEA PROJECTS 1395CC T/A ASH CASH & CARRY,Gauteng,59,49166.0,7869803.7,133386.5033898305,6.415094339622642,Monthly,High-Value Buyer,Medium Retailer,2025-01-13,2025-12-19,32
351,MALAWI INN TUCKSHOP,Gauteng,24,1671.0,307573.49000000005,12815.562083333336,18.88888888888889,Irregular,Regular Buyer,Small Retailer,2025-01-13,2025-12-19,11
58,WOKOCHO GENERAL TRADING T/A SAVE MORE CASH N CARRY,Gauteng,237,651187.0,73544134.25,310312.80274261604,2.1490683229813663,Weekly,Bulk Buyer,Bulk/Wholesale,2025-01-08,2025-12-20,49
579,BEST SELLER TRADING PTY LTD TA DAHIRKEY,Gauteng,147,330456.0,41501378.54,282322.3029931973,3.081081081081081,Weekly,Bulk Buyer,Bulk/Wholesale,2025-01-11,2025-12-19,44
341,ERNEST DISTRIBUTORS,Gauteng,47,29505.0,6153095.83,130916.9325531915,7.659090909090909,Monthly,High-Value Buyer,Medium Retailer,2025-01-17,2025-12-20,33
315,STAR COSMETICS HAIR & BEAUTY,Gauteng,115,223223.0,28667817.84,249285.37252173913,3.6989247311827955,Bi-weekly,Bulk Buyer,Bulk/Wholesale,2025-01-10,2025-12-20,44
529,SEGWAGWA CC,Gauteng,261,907763.0,111641006.98,427743.32176245213,2.331081081081081,Weekly,Bulk Buyer,Bulk/Wholesale,2025-01-08,2025-12-19,45
419,NUMAIN CASH AND CARRY,Gauteng,197,307544.0,51196766.72,259882.06456852792,2.5877862595419847,Bi-weekly,Bulk Buyer,Bulk/Wholesale,2025-01-14,2025-12-19,43
626,"SUPERMERCADO TODO DIA, LDA",Gauteng,254,954192.0,114965927.08000001,452621.76015748037,2.1974522292993632,Weekly,Bulk Buyer,Bulk/Wholesale,2025-01-09,2025-12-20,49
49,MANCO AFRICA LOGISTICS & COMMODITIE,Gauteng,228,170501.0,25100652.51,110090.58118421053,2.0963855421686746,Weekly,Bulk Buyer,Bulk/Wholesale,2025-01-09,2025-12-23,44
642,ODM INVEST (PTY) LTD T/A SALVAGE MART,Gauteng,214,638785.0,67445409.84,315165.46654205606,2.606060606060606,Weekly,Bulk Buyer,Bulk/Wholesale,2025-01-10,2025-12-20,48
69,GTR CASH AND CARRY (PTY) LTD,Gauteng,140,292145.0,39716335.61,283688.1115,3.1272727272727274,Weekly,Bulk Buyer,Bulk/Wholesale,2025-01-10,2025-12-20,47
97,AL RAHMA CHINA STORE (PTA WEST),Gauteng,139,289634.0,35690638.07,256767.18035971222,3.3398058252427183,Weekly,Bulk Buyer,Bulk/Wholesale,2025-01-10,2025-12-20,45
194,CHARLES PAY AND SAVE,Gauteng,28,30872.0,5206892.6899999995,185960.4532142857,13.56,Sporadic,High-Value Buyer,Medium Retailer,2025-01-15,2025-12-20,19
450,SSS SUPERSTORES,Gauteng,46,52456.0,8912102.23,193741.35282608698,8.166666666666666,Monthly,High-Value Buyer,Medium Retailer,2025-01-09,2025-12-18,33
90,PEEK-ABOO BABY SHOP,Gauteng,61,102481.0,13175345.02,215989.2626229508,6.384615384615385,Monthly,Bulk Buyer,Bulk/Wholesale,2025-01-22,2025-12-20,33
330,DUNYA TUCKSHOP,Gauteng,40,12164.0,2261287.33,56532.18325,9.35135135135135,Sporadic,High-Value Buyer,Small Retailer,2025-01-08,2025-12-20,20
203,CRESCENT INTERNATIONAL PTY LTD,Gauteng,281,898109.0,112706579.25999999,401091.0293950178,2.0473372781065087,Weekly,Bulk Buyer,Bulk/Wholesale,2025-01-08,2025-12-20,49
588,CLEAN STREET TRADING AND DISTRIBUTION CC,Gauteng,190,495338.0,57781391.96,304112.5892631579,2.685483870967742,Weekly,Bulk Buyer,Bulk/Wholesale,2025-01-20,2025-12-19,45
519,POCHA & SONS WHOLESALERS - KISMAT CASH N CARRY,Gauteng,257,416451.0,76344540.03999999,297060.46708171203,1.901639344262295,Weekly,Bulk Buyer,Bulk/Wholesale,2025-01-08,2025-12-22,51
501,KANAAF CASH AND CARRY,Polokwane,106,107962.0,16888476.67,159325.2516037736,3.811111111111111,Bi-weekly,Bulk Buyer,Bulk/Wholesale,2025-01-10,2025-12-19,44
487,AALZ NOOR INVESTMENTS PTY LTD,Gauteng,122,193072.0,26424811.21,216596.8131967213,3.36734693877551,Weekly,Bulk Buyer,Bulk/Wholesale,2025-01-22,2025-12-18,46
121,NEWTOWN DISTRIBUTORS (PTY) LTD,Hardware,820,262700.0,40092278.01,48893.021963414634,1.3474903474903475,Weekly,Bulk Buyer,Bulk/Wholesale,2025-01-08,2025-12-23,48
443,WHIPPS CROSS TRADING,Gauteng,235,778337.0,84667851.16,360288.7283404255,2.324324324324324,Weekly,Bulk Buyer,Bulk/Wholesale,2025-01-08,2025-12-18,49
88,METCASH TRADING AFRICA (PTY)LTD,Gauteng,125,87732.0,11442354.370000001,91538.83496000001,3.5591397849462365,Bi-weekly,High-Value Buyer,Medium Retailer,2025-01-23,2025-12-20,41
9,SAKEENA DIAPERS (PTY) LTD,Gauteng,115,216359.0,28884892.78,251172.9806956522,3.6702127659574466,Weekly,Bulk Buyer,Bulk/Wholesale,2025-01-09,2025-12-20,47
134,OSIZWENI WHOLESALER,Gauteng,94,130642.0,15057339.33,160184.4609574468,4.611111111111111,Bi-weekly,Bulk Buyer,Bulk/Wholesale,2025-01-24,2025-12-22,39
85,HOSANNA CASH AND CARRY,Gauteng,43,31024.0,4974487.48,115685.75534883722,8.710526315789474,Monthly,High-Value Buyer,Medium Retailer,2025-01-23,2025-12-20,29
640,GELLI DISTRIBUTORS (PTY) LTD,Gauteng,187,518118.0,58524671.67,312966.1586631016,2.752,Weekly,Bulk Buyer,Bulk/Wholesale,2025-01-10,2025-12-20,47
113,STORMING DISTRIBUTORS CC,Hardware,589,466373.0,62497045.06,106107.0374533107,1.6074766355140186,Weekly,Bulk Buyer,Bulk/Wholesale,2025-01-13,2025-12-23,48
222,VANDERBIJL PARK CASH AND CARRY,Gauteng,63,74115.0,10791508.89,171293.79190476192,6.433962264150943,Monthly,High-Value Buyer,Medium Retailer,2025-01-13,2025-12-20,36
128,SSMS TRADING (PTY) T/A TSHWANE CASH AND CARRY,Gauteng,58,53236.0,10050363.46,173282.12862068968,6.519230769230769,Monthly,High-Value Buyer,Medium Retailer,2025-01-15,2025-12-20,37
345,MHLARE SOLUTION,Gauteng,113,136794.0,21088680.060000002,186625.4872566372,4.023255813953488,Bi-weekly,Bulk Buyer,Bulk/Wholesale,2025-01-08,2025-12-20,41
11,COALITION TRADING 1316CC T/A,Gauteng,288,889697.0,101247367.30999999,351553.35871527775,2.0787878787878786,Weekly,Bulk Buyer,Bulk/Wholesale,2025-01-11,2025-12-20,48
462,DHOOMBE GENERAL TRADING (PTY) LTD,Gauteng,72,142379.0,16057821.620000001,223025.3002777778,5.639344262295082,Monthly,Bulk Buyer,Bulk/Wholesale,2025-01-08,2025-12-18,37
336,JOWHAR GENERAL DEALER,Gauteng,50,71961.0,9765619.43,195312.3886,7.837209302325581,Monthly,High-Value Buyer,Medium Retailer,2025-01-17,2025-12-20,32
565,GOOD ONE PRICE CASH AND CARRY,Gauteng,42,31777.0,5888063.63,140191.9911904762,8.615384615384615,Monthly,High-Value Buyer,Medium Retailer,2025-01-17,2025-12-19,29
713,THE MAGALIESBURG HEALTH CENTRE,Gauteng,25,16988.0,3681375.57,147255.0228,14.208333333333334,Sporadic,High-Value Buyer,Medium Retailer,2025-01-13,2025-12-20,22
140,SALAXEEY CASH AND CERRY,Gauteng,169,137373.0,19259114.28,113959.25609467457,2.68,Bi-weekly,Bulk Buyer,Bulk/Wholesale,2025-01-22,2025-12-23,43
683,JTS INTERNATIONAL PTY LTD,Gauteng,41,57304.0,8242711.91,201041.75390243903,8.384615384615385,Monthly,High-Value Buyer,Medium Retailer,2025-01-27,2025-12-20,32
155,DISCOUNT WHOLESALER & RETAILER,Gauteng,70,116711.0,14214907.98,203070.114,5.524590163934426,Monthly,Bulk Buyer,Bulk/Wholesale,2025-01-17,2025-12-20,36
619,SHUBABES TRADING,Gauteng,80,139981.0,18112185.35,226402.31687500002,4.869565217391305,Bi-weekly,Bulk Buyer,Bulk/Wholesale,2025-01-18,2025-12-20,40
380,ADOWA IVVORY PARK,Polokwane,137,174101.0,33121296.75,241761.2901459854,2.8114754098360657,Weekly,Bulk Buyer,Bulk/Wholesale,2025-01-09,2025-12-18,48
502,MOTLANA CASH AND CARRY,Gauteng,197,366943.0,47808509.900000006,242682.7913705584,2.21656050955414,Weekly,Bulk Buyer,Bulk/Wholesale,2025-01-06,2025-12-20,50
546,SUPA NEW ERA TRADING,Gauteng,54,77588.0,11908173.879999999,220521.7385185185,7.0,Monthly,High-Value Buyer,Medium Retailer,2025-01-10,2025-12-19,33
604,CONCORDANT HOLDINGS (PTY) LTD,Gauteng,146,321163.0,39046916.49,267444.6334931507,3.2169811320754715,Weekly,Bulk Buyer,Bulk/Wholesale,2025-01-13,2025-12-20,45
31,FARMAKH DISTRIBUTORS,Gauteng,139,308893.0,37308255.78,268404.7178417266,3.326923076923077,Weekly,Bulk Buyer,Bulk/Wholesale,2025-01-08,2025-12-20,45
434,PLATINUM PANTHER TRADE (PTY) LTD T/A DAKOTA C&C,Gauteng,212,622911.0,73383710.2,346149.5764150944,2.4676258992805757,Weekly,Bulk Buyer,Bulk/Wholesale,2025-01-09,2025-12-18,46
77,AL BARAKA CASH & CARRY,Gauteng,118,175639.0,23362330.93,197985.85533898303,3.6210526315789475,Bi-weekly,Bulk Buyer,Bulk/Wholesale,2025-01-10,2025-12-20,43
505,SOUTHERN AMBITION,Gauteng,237,490582.0,98717650.07,416530.16907172994,2.302013422818792,Weekly,Bulk Buyer,Bulk/Wholesale,2025-01-10,2025-12-19,46
476,MPHO DISTRIBUTORS,Gauteng,138,312269.0,39383499.68,285387.6788405797,3.4948453608247423,Weekly,Bulk Buyer,Bulk/Wholesale,2025-01-13,2025-12-18,46
605,EVERGLOW DISTRIBUTORS,Gauteng,133,309243.0,39256103.28,295158.6712781955,3.642105263157895,Bi-weekly,Bulk Buyer,Bulk/Wholesale,2025-01-08,2025-12-20,44
568,DELPH LIKE TRADING TA RITE PRICE WHOLESALERS,Gauteng,284,822809.0,103081719.35,362963.80052816897,2.1923076923076925,Weekly,Bulk Buyer,Bulk/Wholesale,2025-01-11,2025-12-19,50
647,SIDDIQ CASH AND CARRY PTY (LTD) MADIBA HAWKERS,Gauteng,145,247299.0,35595268.2,245484.6082758621,3.1481481481481484,Weekly,Bulk Buyer,Bulk/Wholesale,2025-01-14,2025-12-20,45
551,KHETELENI SUPERMARKET,Gauteng,13,2858.0,544050.09,41850.00692307692,23.818181818181817,Irregular,Regular Buyer,Small Retailer,2025-04-01,2025-12-19,11
799,"S.H PINTOS , EI",Gauteng,274,896377.0,117543113.88000001,428989.4667153285,2.1635220125786163,Weekly,Bulk Buyer,Bulk/Wholesale,2025-01-10,2025-12-20,49
10,KIMPERS DIAPERS,Gauteng,136,275171.0,33952001.36,249647.0688235294,3.295238095238095,Weekly,Bulk Buyer,Bulk/Wholesale,2025-01-08,2025-12-20,47
613,MAHARANI DISTRIBUTORS,Gauteng,79,153304.0,17486319.3,221345.81392405063,5.212121212121212,Monthly,Bulk Buyer,Bulk/Wholesale,2025-01-10,2025-12-20,38
331,NINILE TUCKSHOP,Gauteng,39,10806.0,2201338.54,56444.577948717946,16.428571428571427,Irregular,High-Value Buyer,Small Retailer,2025-01-08,2025-12-19,13
447,TIGER SUPERSAVERS,Gauteng,22,13313.0,2067592.3900000001,93981.47227272727,16.4,Sporadic,High-Value Buyer,Medium Retailer,2025-01-24,2025-12-18,18
186,VICTORIA WHOLSALLER,Gauteng,73,109636.0,14118631.5,193405.9109589041,5.590163934426229,Monthly,Bulk Buyer,Bulk/Wholesale,2025-01-13,2025-12-20,35
55,SOMSOUTH EXPORT AND IMPORTS PTY LTD,Gauteng,65,95104.0,12564939.42,193306.7603076923,6.054545454545455,Monthly,High-Value Buyer,Medium Retailer,2025-01-21,2025-12-20,34
702,FAMILY MARKET HYPER,Gauteng,27,14495.0,2484194.83,92007.21592592594,13.23076923076923,Sporadic,High-Value Buyer,Medium Retailer,2025-01-10,2025-12-20,22
514,STODANOX (PTY) LTD T/A AALIYAH WHOLESLAER,Gauteng,150,211036.0,35218673.18,234791.15453333332,2.601503759398496,Weekly,Bulk Buyer,Bulk/Wholesale,2025-01-10,2025-12-22,47
594,BUNNING WHOLESALER & RETAIL CC,Gauteng,65,136825.0,17254928.89,265460.44446153846,6.017543859649122,Monthly,Bulk Buyer,Bulk/Wholesale,2025-01-10,2025-12-19,38
532,RAMADAN DISTRIBUTORS,Gauteng,110,228603.0,28940311.77,263093.7433636364,4.071428571428571,Bi-weekly,Bulk Buyer,Bulk/Wholesale,2025-01-11,2025-12-19,44
503,USAVE TEMBISA,Gauteng,26,9116.0,3011510.0299999993,115827.30884615381,14.416666666666666,Irregular,High-Value Buyer,Small Retailer,2025-01-07,2025-12-19,15
440,ANE DISTRIBUTORS,Gauteng,121,245784.0,30336210.74,250712.48545454544,3.610526315789474,Bi-weekly,Bulk Buyer,Bulk/Wholesale,2025-01-09,2025-12-18,41
106,SAID TRADING,Gauteng,78,76543.0,11628536.98,149083.80743589744,4.814285714285714,Bi-weekly,High-Value Buyer,Medium Retailer,2025-01-17,2025-12-20,38
592,KWAMBA INVESTMENTS,Gauteng,417,1352515.0,174017017.0,417306.99520383694,1.8743169398907105,Weekly,Bulk Buyer,Bulk/Wholesale,2025-01-10,2025-12-19,50
343,BLUE NINE SHOP,Gauteng,35,3537.0,494167.04000000004,14119.058285714287,12.777777777777779,Sporadic,Regular Buyer,Small Retailer,2025-01-08,2025-12-19,16
597,AFRICA TRADE DISTRIBUTORS,Gauteng,141,235587.0,29474298.939999998,209037.58113475176,3.0442477876106193,Weekly,Bulk Buyer,Bulk/Wholesale,2025-01-09,2025-12-19,47
664,DANXING SUNSHINE (PTY) LTD,Gauteng,111,161657.0,22543257.57,203092.41054054056,4.011764705882353,Bi-weekly,Bulk Buyer,Bulk/Wholesale,2025-01-13,2025-12-20,43
408,ENCHANTING FOREST T/A MIDSTREAM SUPERSPAR & TOPS,Gauteng,39,34071.0,6806960.63,174537.45205128205,9.852941176470589,Sporadic,High-Value Buyer,Medium Retailer,2025-01-18,2025-12-19,24
54,DIEPSLOOT CASH AND CARRY,Gauteng,149,212245.0,29307996.02,196697.95986577182,3.3398058252427183,Bi-weekly,Bulk Buyer,Bulk/Wholesale,2025-01-13,2025-12-23,47
439,MIQRA TRADING CC,Gauteng,215,598990.0,68056641.34,316542.51786046516,2.370629370629371,Weekly,Bulk Buyer,Bulk/Wholesale,2025-01-13,2025-12-18,47
12,GEESEY TRADERS,Gauteng,85,198481.0,22274560.409999996,262053.6518823529,4.777777777777778,Bi-weekly,Bulk Buyer,Bulk/Wholesale,2025-01-10,2025-12-20,40
396,ECORBIT (PTY) LTD,Gauteng,254,398827.0,70199460.68,276375.8294488189,2.0058479532163744,Weekly,Bulk Buyer,Bulk/Wholesale,2025-01-13,2025-12-22,48
595,NIGANJI TRADING,Gauteng,76,110172.0,14358496.16,188927.58105263158,5.0,Monthly,Bulk Buyer,Bulk/Wholesale,2025-01-13,2025-12-19,36
157,HAWKERS PARADISE CASH & CARRY,Gauteng,169,155814.0,24226327.89,143351.0526035503,2.402877697841727,Weekly,Bulk Buyer,Bulk/Wholesale,2025-01-20,2025-12-20,48
496,PATEL CASH N CARRY,Polokwane,86,85884.0,15331446.95,178272.63895348835,4.3125,Bi-weekly,High-Value Buyer,Medium Retailer,2025-01-08,2025-12-19,42
583,PLEIN STREET DISTRIBUTION,Gauteng,157,537805.0,57752608.88,367851.0119745223,2.973913043478261,Weekly,Bulk Buyer,Bulk/Wholesale,2025-01-11,2025-12-19,46
198,AMMAR TRADDING,Gauteng,43,34707.0,6141900.48,142834.89488372093,9.052631578947368,Monthly,High-Value Buyer,Medium Retailer,2025-01-10,2025-12-20,27
499,LETABA FRUIT & VEG,Gauteng,20,6413.0,1198994.99,59949.7495,17.63157894736842,Sporadic,High-Value Buyer,Small Retailer,2025-01-17,2025-12-18,19
556,TAKI'S WOLESOME WHOLESALER,Gauteng,44,44334.0,6125898.68,139224.97,8.736842105263158,Monthly,High-Value Buyer,Medium Retailer,2025-01-21,2025-12-19,28
173,ELENKIN INVESTMENT (PRIVATE) LIMITED,Gauteng,150,261689.0,34242346.62,228282.31079999998,2.956140350877193,Weekly,Bulk Buyer,Bulk/Wholesale,2025-01-17,2025-12-20,47
377,ARGUS DISTRIBUTION CENTRE,Gauteng,270,676900.0,75261538.38,278746.43844444444,2.1055900621118013,Weekly,Bulk Buyer,Bulk/Wholesale,2025-01-13,2025-12-18,49
422,SCORE ONE TRADING (HYPERSTAR CASH & CARRY),Gauteng,209,283799.0,48890218.66916069,233924.4912400033,2.388888888888889,Weekly,Bulk Buyer,Bulk/Wholesale,2025-01-09,2025-12-19,48
457,TRIPPLE D WHOLESALERS,Gauteng,73,139059.0,16148995.5,221219.11643835617,5.45,Monthly,Bulk Buyer,Bulk/Wholesale,2025-01-25,2025-12-18,33
591,USIMAKADE (PTY)LTD,Gauteng,227,689672.0,82168725.97,361976.7663876652,2.4225352112676055,Weekly,Bulk Buyer,Bulk/Wholesale,2025-01-09,2025-12-19,48
611,SAAS DIAPERS,Gauteng,68,78072.0,11142925.86,163866.55676470586,5.672131147540983,Bi-weekly,High-Value Buyer,Medium Retailer,2025-01-08,2025-12-20,42
349,HASAN OROMO SUPERMARKET,Gauteng,34,12888.0,3174707.0900000003,93373.73794117649,12.357142857142858,Sporadic,High-Value Buyer,Small Retailer,2025-01-08,2025-12-20,15
171,SA TRADING WHOLESALER,Hardware,148,193344.0,26975767.340000004,182268.69824324327,3.75,Bi-weekly,Bulk Buyer,Bulk/Wholesale,2025-01-09,2025-12-20,36
659,AYEZA ENTERPRISES LIMITED,Gauteng,29,26616.0,4400839.67,151753.09206896552,12.25925925925926,Monthly,High-Value Buyer,Medium Retailer,2025-01-23,2025-12-20,24
573,AMBICOR 121,Gauteng,328,956606.0,106610121.05,325030.8568597561,1.9942196531791907,Weekly,Bulk Buyer,Bulk/Wholesale,2025-01-08,2025-12-19,49
14,ABC SUPER MARKET,Gauteng,21,13780.0,1963645.76,93506.94095238096,17.94736842105263,Sporadic,High-Value Buyer,Medium Retailer,2025-01-13,2025-12-20,17
633,CONTACTS TRADING CC,Gauteng,50,69667.0,11949582.55,238991.651,7.521739130434782,Monthly,High-Value Buyer,Medium Retailer,2025-01-08,2025-12-20,36
112,TANAAT CASH AND CARRY,Gauteng,76,93970.0,11352664.3,149377.16184210527,5.1875,Bi-weekly,High-Value Buyer,Medium Retailer,2025-01-22,2025-12-20,37
13,PINKY'S SUPER MARKET AND WHOLESALE,Gauteng,35,17072.0,4190643.48,119732.67085714286,10.75,Sporadic,High-Value Buyer,Small Retailer,2025-01-10,2025-12-20,23
209,QUSWAH TRADING (LENS),Gauteng,168,446914.0,48466244.99,288489.5535119048,2.965217391304348,Weekly,Bulk Buyer,Bulk/Wholesale,2025-01-13,2025-12-20,48
622,MORE 4 LESS TRADING,Gauteng,101,162037.0,18629200.79,184447.5325742574,4.195121951219512,Bi-weekly,Bulk Buyer,Bulk/Wholesale,2025-01-10,2025-12-20,43
500,CHISIPITI GLOBAL PTY LTD,Gauteng,19,17935.0,3639113.38,191532.28315789474,18.61111111111111,Sporadic,High-Value Buyer,Medium Retailer,2025-01-17,2025-12-18,17
536,ORION CASH AMD CARRY,Gauteng,23,22237.0,3775691.4299999997,164160.49695652173,15.714285714285714,Sporadic,High-Value Buyer,Medium Retailer,2025-01-23,2025-12-19,20
355,CENTRAL HIGH TRADING 376CC,Gauteng,137,118101.0,24792057.88,180963.92613138686,2.9243697478991595,Weekly,Bulk Buyer,Bulk/Wholesale,2025-01-06,2025-12-20,47
563,R5 SHOP,Gauteng,19,16775.0,3269420.71,172074.77421052632,21.4375,Irregular,High-Value Buyer,Medium Retailer,2025-01-10,2025-12-19,14
41,FAYO FOODS,Gauteng,12,3247.0,408913.04,34076.08666666666,30.272727272727273,Irregular,Regular Buyer,Small Retailer,2025-01-21,2025-12-20,10
169,JUEUL ENTERPRIZE (SILAAM),Gauteng,33,31810.0,4414982.38,133787.34484848485,10.774193548387096,Monthly,High-Value Buyer,Medium Retailer,2025-01-20,2025-12-20,23
323,ALAX HIRIG TUCKSHOP,Gauteng,20,2665.0,474034.83999999997,23701.742,19.166666666666668,Irregular,Regular Buyer,Small Retailer,2025-01-08,2025-12-19,14
162,KINGDOM DISTRIBUTOIN NETWORK,Gauteng,204,531494.0,61784744.43999999,302866.39431372547,2.4714285714285715,Weekly,Bulk Buyer,Bulk/Wholesale,2025-01-08,2025-12-20,49
370,METRO HOME CENTRE,Gauteng,23,15188.0,2702421.58,117496.59043478261,16.285714285714285,Sporadic,High-Value Buyer,Medium Retailer,2025-01-10,2025-12-18,20
451,NEW BLUE STAR CASH AND CARRY,Gauteng,71,86229.0,12577459.46,177147.31633802818,5.548387096774194,Bi-weekly,High-Value Buyer,Medium Retailer,2025-01-08,2025-12-18,41
411,MAMAS CASH & CARRY,Polokwane,169,184246.0,37442437.33196923,221552.88362111972,2.3972602739726026,Weekly,Bulk Buyer,Bulk/Wholesale,2025-01-06,2025-12-22,48
385,COSMO CASH AND CARRY,Gauteng,94,98845.0,16884927.35,179626.88670212767,4.3544303797468356,Bi-weekly,High-Value Buyer,Medium Retailer,2025-01-09,2025-12-19,41
417,ITSTYM GENERAL TRADING  CC,Gauteng,95,119563.0,20530910.950000003,216114.85210526318,4.454545454545454,Bi-weekly,Bulk Buyer,Bulk/Wholesale,2025-01-10,2025-12-19,37
15,BLUEMOON CASH N CARRY,Gauteng,101,153510.0,20398241.700000003,201962.78910891092,4.271604938271605,Bi-weekly,Bulk Buyer,Bulk/Wholesale,2025-01-08,2025-12-20,43
428,STUDENT SUPERMARKET,Polokwane,56,43814.0,11305120.796092309,201877.15707307696,6.111111111111111,Monthly,High-Value Buyer,Medium Retailer,2025-01-24,2025-12-20,36
593,NJ WHOLESALER,Gauteng,86,154588.0,20832325.68,242236.34511627906,4.9,Bi-weekly,Bulk Buyer,Bulk/Wholesale,2025-01-10,2025-12-19,39
662,ALL LOVE TRADING,Gauteng,41,37906.0,6032472.15,147133.46707317073,9.36111111111111,Monthly,High-Value Buyer,Medium Retailer,2025-01-17,2025-12-20,28
167,HEPLON SUPERMARKET,Gauteng,130,76115.0,10450759.3,80390.45615384616,3.8333333333333335,Monthly,High-Value Buyer,Medium Retailer,2025-01-09,2025-12-20,35
78,HONEYDEW CASH AND CARRY,Gauteng,156,234142.0,29076988.759999998,186390.95358974359,3.0442477876106193,Weekly,Bulk Buyer,Bulk/Wholesale,2025-01-13,2025-12-23,45
484,PANCHBHAYA GENERAL TRADING (PTY) LTD,Polokwane,154,136706.0,25011308.07,162411.09136363637,3.0636363636363635,Bi-weekly,Bulk Buyer,Bulk/Wholesale,2025-01-17,2025-12-20,44
537,Main Line Import & Export  (Pty) Ltd,Gauteng,168,327779.0,43388621.07,258265.60160714286,2.831932773109244,Weekly,Bulk Buyer,Bulk/Wholesale,2025-01-16,2025-12-19,46
332,HAMZA TRADING,Gauteng,141,170095.0,23502533.130000003,166684.6321276596,3.4257425742574257,Weekly,Bulk Buyer,Bulk/Wholesale,2025-01-08,2025-12-20,46
22,NEW KALKAAL,Gauteng,282,563819.0,80168609.83,284285.8504609929,1.8797814207650274,Weekly,Bulk Buyer,Bulk/Wholesale,2025-01-10,2025-12-20,50
175,DUNAMO WHOLESALE,Gauteng,22,12061.0,2079970.89,94544.13136363636,18.210526315789473,Sporadic,High-Value Buyer,Medium Retailer,2025-01-08,2025-12-20,18
589,VABRO DISTRIBUTORS,Gauteng,139,317978.0,40555824.41,291768.5209352518,3.320388349514563,Bi-weekly,Bulk Buyer,Bulk/Wholesale,2025-01-11,2025-12-19,41
53,QCCC (PTY) LTD,Gauteng,137,303691.0,38508848.32000001,281086.4840875913,3.1171171171171173,Weekly,Bulk Buyer,Bulk/Wholesale,2025-01-08,2025-12-20,47
226,JAMBO MART (PTY) LTD,Gauteng,52,55408.0,7626104.1899999995,146655.84980769228,6.764705882352941,Monthly,High-Value Buyer,Medium Retailer,2025-01-09,2025-12-20,37
21,GLOBAL FOOD CASH AND CARRY (PTY) LTD,Gauteng,89,75383.0,10026606.68,112658.5020224719,4.1375,Bi-weekly,High-Value Buyer,Medium Retailer,2025-01-23,2025-12-20,39
118,BAFANA WHOLESALER,Gauteng,74,65326.0,11831787.309999999,159889.0177027027,5.166666666666667,Bi-weekly,High-Value Buyer,Medium Retailer,2025-01-13,2025-12-20,39
47,METCASH TRADING AFRICA (PTY) LTD T/A CHAMPION CNC,Gauteng,563,1050565.0,155224944.66,275710.38127886323,1.3607843137254902,Weekly,Bulk Buyer,Bulk/Wholesale,2025-01-10,2025-12-23,51
153,RUPUSHI BANGLA WHOLESEL,Gauteng,19,9270.0,1503377.12,79125.11157894737,18.333333333333332,Sporadic,High-Value Buyer,Small Retailer,2025-01-24,2025-12-20,16
543,WOLMU TRADING (PTY) LTD,Gauteng,172,434246.0,51090469.42,297037.6129069768,2.8983050847457625,Weekly,Bulk Buyer,Bulk/Wholesale,2025-01-11,2025-12-19,47
202,MJ GROUP OF COMPANIES,Gauteng,231,687471.0,78685793.19,340631.1393506493,2.3469387755102042,Weekly,Bulk Buyer,Bulk/Wholesale,2025-01-09,2025-12-20,47
170,AK SUPERMARKET,Gauteng,86,50116.0,5826238.83,67746.96313953488,5.580645161290323,Monthly,High-Value Buyer,Medium Retailer,2025-01-08,2025-12-20,34
601,CHIBWAYS TRADING,Gauteng,136,292198.0,33694032.77,247750.2409558824,3.4343434343434343,Bi-weekly,Bulk Buyer,Bulk/Wholesale,2025-01-13,2025-12-19,43
107,KOSTEIN CHEAP STORE,Gauteng,60,28483.0,5086823.4399999995,84780.39066666666,8.64102564102564,Monthly,High-Value Buyer,Small Retailer,2025-01-17,2025-12-20,27
89,BIG ZAAD CASH & CARRY,Gauteng,101,121072.0,18018657.65,178402.550990099,3.9642857142857144,Bi-weekly,Bulk Buyer,Bulk/Wholesale,2025-01-21,2025-12-20,42
427,RIDGEWAY GARDEN SPAR,Gauteng,29,19231.0,2692320.0199999996,92838.62137931032,11.857142857142858,Sporadic,High-Value Buyer,Medium Retailer,2025-01-20,2025-12-18,22
93,FATIMA GENERAL STORE PTY LTD,Gauteng,28,30208.0,4357314.35,155618.36964285714,12.555555555555555,Sporadic,High-Value Buyer,Medium Retailer,2025-01-15,2025-12-20,23
206,IMANSAME GENERAL TRADING,Gauteng,65,99727.0,13760471.48,211699.56123076924,6.745098039215686,Monthly,High-Value Buyer,Medium Retailer,2025-01-10,2025-12-20,36
57,BATHO CASH N CARRY,Hardware,336,174732.0,36158487.15,107614.5450892857,2.392857142857143,Bi-weekly,Bulk Buyer,Bulk/Wholesale,2025-01-22,2025-12-23,40
114,SHANLEYSTE WHOLESALERS,Gauteng,28,24756.0,5160279.4,184295.69285714286,12.692307692307692,Sporadic,High-Value Buyer,Medium Retailer,2025-01-24,2025-12-20,21
517,ARAIA INVESTMENTS,Gauteng,175,470165.0,51734003.82000001,295622.8789714286,2.905982905982906,Weekly,Bulk Buyer,Bulk/Wholesale,2025-01-13,2025-12-19,45
415,FATIMA SUPERMARKET,Cape Town,65,43918.0,8759885.27,134767.46569230768,5.704918032786885,Monthly,High-Value Buyer,Medium Retailer,2025-01-06,2025-12-20,38
889,HORN AFRICA (PTY) LTD,Gauteng,35,30867.0,5160666.0,147447.6,10.272727272727273,Monthly,High-Value Buyer,Medium Retailer,2025-01-15,2025-12-20,28
68,A ALI TRADING CC T/A MARKET PLACE,Gauteng,88,60910.0,11758559.51,133619.99443181817,4.9855072463768115,Bi-weekly,High-Value Buyer,Medium Retailer,2025-01-13,2025-12-23,41
423,NORANI TRADING CHISTY SUPERMARKET,Polokwane,76,84581.0,16540857.01,217642.85539473683,4.602739726027397,Bi-weekly,High-Value Buyer,Medium Retailer,2025-01-17,2025-12-19,42
507,TEMBA DISCOUNT STORE 1 T/A TEMBA CASH N CARRY,Gauteng,87,63513.0,10175783.55,116963.02931034483,5.073529411764706,Bi-weekly,High-Value Buyer,Medium Retailer,2025-01-08,2025-12-19,40
389,A1 CASH AND CARRY,Gauteng,74,73363.0,12308803.45,166335.18175675673,5.532258064516129,Bi-weekly,High-Value Buyer,Medium Retailer,2025-01-10,2025-12-19,41
384,BUSHURA TUCKSHOP,Gauteng,32,3286.0,593610.86,18550.339375,12.321428571428571,Sporadic,Regular Buyer,Small Retailer,2025-01-08,2025-12-19,16
52,SWEET SHOP,Hardware,312,185004.0,27922840.89,89496.28490384616,2.263157894736842,Weekly,Bulk Buyer,Bulk/Wholesale,2025-01-13,2025-12-23,43
70,KISMAAYO CASH AND CARRY,Gauteng,123,208456.0,26377978.9,214455.11300813008,3.954022988505747,Bi-weekly,Bulk Buyer,Bulk/Wholesale,2025-01-10,2025-12-20,44
655,NOVELTY ENTERPRISE,Gauteng,21,2375.0,592207.41,28200.352857142858,17.15,Sporadic,Regular Buyer,Small Retailer,2025-01-11,2025-12-20,19
685,HBIN TRADING,Gauteng,67,88299.0,11426205.2,170540.37611940296,5.830508474576271,Monthly,High-Value Buyer,Medium Retailer,2025-01-10,2025-12-20,38
100,TBI (PTY) LTD,Gauteng,43,61718.0,9646535.389999999,224338.03232558136,8.35,Monthly,High-Value Buyer,Medium Retailer,2025-01-20,2025-12-20,31
61,APLOSOL,Polokwane,70,66765.0,12190333.576276923,174147.62251824175,5.421875,Bi-weekly,High-Value Buyer,Medium Retailer,2025-01-07,2025-12-20,38
478,CAPITAL CASH & CARRY,Gauteng,67,115493.0,14389243.029999997,214764.82134328355,6.142857142857143,Monthly,Bulk Buyer,Bulk/Wholesale,2025-01-08,2025-12-18,36
533,LEHLOGONOLO SHALANG,Gauteng,21,8842.0,1739114.4200000002,82814.97238095239,17.68421052631579,Sporadic,High-Value Buyer,Small Retailer,2025-01-17,2025-12-19,17
418,LIMPOPO CASH & CARRY,Polokwane,145,161146.0,33739721.76587405,232687.73631637276,2.7886178861788617,Weekly,Bulk Buyer,Bulk/Wholesale,2025-01-13,2025-12-22,49
177,KB SUPERSTORE,Gauteng,94,103623.0,17398905.01,185094.7341489362,6.254545454545455,Monthly,Bulk Buyer,Bulk/Wholesale,2025-01-10,2025-12-20,36
399,DUMA AFRICAN MARKET,Gauteng,109,192749.0,21475974.47,197027.2887155963,3.8181818181818183,Bi-weekly,Bulk Buyer,Bulk/Wholesale,2025-01-17,2025-12-19,44
122,JUST FOR YOU,Gauteng,23,9010.0,1831288.02,79621.21826086957,16.19047619047619,Sporadic,High-Value Buyer,Small Retailer,2025-01-14,2025-12-20,18
650,RAINBOW CASH AND CARRY(PTY) LTD,Gauteng,42,46579.0,7705163.609999999,183456.2764285714,8.538461538461538,Monthly,High-Value Buyer,Medium Retailer,2025-01-21,2025-12-20,30
523,"MIM, MINI SUPERMARKET",Gauteng,29,4822.0,1504565.5299999998,51881.56999999999,15.0,Irregular,High-Value Buyer,Small Retailer,2025-01-08,2025-12-19,15
195,KAFF DISTRIBUTOR,Gauteng,45,61415.0,7799324.109999999,173318.31355555553,8.512820512820513,Monthly,High-Value Buyer,Medium Retailer,2025-01-22,2025-12-20,29
387,FIRST CHOICE CASH AND CARRY,Gauteng,191,292718.0,44531780.190000005,233150.68162303668,2.5036496350364965,Weekly,Bulk Buyer,Bulk/Wholesale,2025-01-10,2025-12-19,46
105,JEEBHAI COSMETICS,Gauteng,203,583732.0,60803539.84,299524.8267980296,2.5303030303030303,Weekly,Bulk Buyer,Bulk/Wholesale,2025-01-20,2025-12-20,46
582,LOYAN TRADING CASH & CARRY,Gauteng,50,34028.0,6709744.699999999,134194.89399999997,7.976744186046512,Monthly,High-Value Buyer,Medium Retailer,2025-01-10,2025-12-19,32
81,DAILY DIAPERS WHOLESALERS AND RETAILRS (PTY) LTD,Gauteng,140,520064.0,33737084.88,240979.17771428573,3.4554455445544554,Bi-weekly,Bulk Buyer,Bulk/Wholesale,2025-01-08,2025-12-23,45
180,AL GHER SUPERMARKET,Gauteng,11,1907.0,685204.04,62291.27636363637,33.9,Irregular,High-Value Buyer,Small Retailer,2025-01-15,2025-12-20,10
549,MUBARAK SUPERMAKET SA,Gauteng,31,22133.0,3948721.09,127378.09967741935,13.6,Sporadic,High-Value Buyer,Medium Retailer,2025-01-13,2025-12-19,22
393,GIFT PHARMACY,Gauteng,23,5193.0,913139.53,39701.71869565218,18.05263157894737,Irregular,Regular Buyer,Small Retailer,2025-01-10,2025-12-19,12
707,NEW GUOFA TRADING (PTY) LTD,Gauteng,24,12837.0,2383305.25,99304.38541666667,15.272727272727273,Sporadic,High-Value Buyer,Medium Retailer,2025-01-18,2025-12-20,21
20,USAVE MORE CASH & CARRY,Gauteng,62,71744.0,10328058.239999998,166581.58451612902,5.946428571428571,Monthly,High-Value Buyer,Medium Retailer,2025-01-21,2025-12-20,36
0,SOUTHERN ELAND (PTY) LTD,Gauteng,8,8152.0,1239903.4500000002,154987.93125000002,3.8,Weekly,High-Value Buyer,Medium Retailer,2025-04-04,2025-04-23,4
146,MOGADISHO SUPERMARKET,Gauteng,44,56347.0,6862102.57,155956.8765909091,8.717948717948717,Monthly,High-Value Buyer,Medium Retailer,2025-01-14,2025-12-20,29
607,LNA INVESTMENTS,Gauteng,95,152861.0,21179566.439999998,222942.8046315789,4.2025316455696204,Bi-weekly,Bulk Buyer,Bulk/Wholesale,2025-01-22,2025-12-20,42
394,LESIBANA MEDICAL SUPPLIES,Gauteng,72,69300.0,10046717.11,139537.73763888888,5.931034482758621,Monthly,High-Value Buyer,Medium Retailer,2025-01-09,2025-12-19,37
182,SAFARI DISTRIBUTORS PTY (LTD),Gauteng,150,347636.0,39350067.97,262333.7864666667,2.8869565217391306,Weekly,Bulk Buyer,Bulk/Wholesale,2025-01-22,2025-12-20,46
188,NUMBER ONE WHOLESALLER,Gauteng,42,42413.0,6089612.9,144990.78333333335,9.297297297297296,Monthly,High-Value Buyer,Medium Retailer,2025-01-10,2025-12-20,30
60,METRO AD'EED CASH AND CARRY (PTY) LTD,Gauteng,84,147884.0,17631118.35,209894.2660714286,5.184615384615385,Monthly,Bulk Buyer,Bulk/Wholesale,2025-01-17,2025-12-20,36
616,KHALIF ENTERPRISE (PTY) LTD,Gauteng,19,15052.0,2152276.79,113277.72578947368,20.0,Sporadic,High-Value Buyer,Medium Retailer,2025-01-14,2025-12-20,15
703,Z AND K DISTRIBUTORS,Gauteng,52,58223.0,8917577.54,171491.87576923074,7.0212765957446805,Monthly,High-Value Buyer,Medium Retailer,2025-01-24,2025-12-20,31
363,SANJO WINNIE TUCKSHOP,Polokwane,65,47942.0,9858905.63,151675.47123076924,6.142857142857143,Monthly,High-Value Buyer,Medium Retailer,2025-01-09,2025-12-19,30
486,NIZAMS JUBILEE,Gauteng,22,26076.0,4763154.779999999,216507.03545454543,16.75,Sporadic,High-Value Buyer,Medium Retailer,2025-01-17,2025-12-18,18
538,BADAR STORE,Gauteng,20,12364.0,2902944.48,145147.224,19.764705882352942,Sporadic,High-Value Buyer,Medium Retailer,2025-01-17,2025-12-19,15
130,DOOS HOUSE SHOP,Gauteng,13,1117.0,260180.43,20013.87923076923,28.75,Irregular,Regular Buyer,Small Retailer,2025-01-09,2025-12-20,12
644,KM JABULANI DISTRIBUTORS (PTY) LTD,Gauteng,21,8440.0,1582086.5699999998,75337.45571428571,16.65,Sporadic,High-Value Buyer,Small Retailer,2025-01-21,2025-12-20,17
459,BARAKA CASH N CARRY,Gauteng,66,91081.0,11538829.260000002,174830.7463636364,5.8474576271186445,Monthly,High-Value Buyer,Medium Retailer,2025-01-07,2025-12-18,35
510,DING XING TRADING STORE,Gauteng,76,77606.0,12443219.09,163726.5669736842,5.444444444444445,Bi-weekly,High-Value Buyer,Medium Retailer,2025-01-10,2025-12-19,36
414,CHELKOM SHOP,Gauteng,180,239865.0,39871788.98807267,221509.93882262596,2.4195804195804196,Weekly,Bulk Buyer,Bulk/Wholesale,2025-01-07,2025-12-19,48
413,MALANDZA TRADING & INVESTMENT,Gauteng,101,83860.0,15176625.170000002,150263.6155445545,3.941860465116279,Bi-weekly,High-Value Buyer,Medium Retailer,2025-01-14,2025-12-19,39
475,ONE BY ONE KEMPTON PARK,Gauteng,59,91281.0,12433182.64,210731.9091525424,6.568627450980392,Monthly,High-Value Buyer,Medium Retailer,2025-01-17,2025-12-18,34
525,D.K DISCOUNT C&C,Gauteng,32,27062.0,4760916.05,148778.6265625,12.285714285714286,Monthly,High-Value Buyer,Medium Retailer,2025-01-09,2025-12-19,23
890,HILAAL SUPPLIERS,Gauteng,57,63475.0,8558460.96,150148.43789473685,7.1875,Bi-weekly,High-Value Buyer,Medium Retailer,2025-01-09,2025-12-20,37
101,WOZA WOZA SUPERMARKET,Gauteng,15,981.0,272328.75,18155.25,24.571428571428573,Irregular,Regular Buyer,Small Retailer,2025-01-10,2025-12-20,11
629,SUPERSET NETWORK STRATEGIES CC,Gauteng,92,192399.0,19611121.740000002,213164.36673913046,4.925373134328358,Monthly,Bulk Buyer,Bulk/Wholesale,2025-01-24,2025-12-20,35
328,FARIS TUCKSHOP,Gauteng,33,6632.0,2191626.71,66412.9306060606,15.0,Irregular,High-Value Buyer,Small Retailer,2025-01-08,2025-12-19,14
710,AHFAN TRADING T/A KISMET CASH AND CARRY,Gauteng,44,58483.0,9115705.1,207175.1159090909,7.878048780487805,Monthly,High-Value Buyer,Medium Retailer,2025-01-31,2025-12-20,32
340,VAAL CASH N CARRY (VEREENIGING),Gauteng,48,53701.0,8892925.69,185269.2852083333,8.119047619047619,Monthly,High-Value Buyer,Medium Retailer,2025-01-13,2025-12-20,26
398,KIATRA TRADING,Gauteng,168,209029.0,35732526.43,212693.60970238096,2.732283464566929,Weekly,Bulk Buyer,Bulk/Wholesale,2025-01-09,2025-12-22,46
381,ALI MINI MARKET,Polokwane,108,143400.0,33163783.3,307072.0675925926,3.494949494949495,Bi-weekly,Bulk Buyer,Bulk/Wholesale,2025-01-08,2025-12-20,47
361,786 SUPERMARKET WHOLESALE & RETAIL,Polokwane,156,177928.0,36505518.289160684,234009.7326228249,2.71875,Weekly,Bulk Buyer,Bulk/Wholesale,2025-01-08,2025-12-22,50
580,ALL FRESH PRODUCTS,Gauteng,13,3464.0,837571.19,64428.553076923075,30.272727272727273,Irregular,High-Value Buyer,Small Retailer,2025-01-20,2025-12-19,10
412,TEMBA CITY PHARMACY,Gauteng,44,48099.0,7797139.62,177207.71863636363,8.425,Monthly,High-Value Buyer,Medium Retailer,2025-01-16,2025-12-19,26
159,EGAD MADIBA STORE (PTY) LTD,Gauteng,42,57512.0,8026728.16,191112.57523809525,9.135135135135135,Monthly,High-Value Buyer,Medium Retailer,2025-01-16,2025-12-20,29
558,RAILWAY SUPERMARKET,Gauteng,27,5646.0,1240878.38,45958.45851851851,15.681818181818182,Sporadic,Regular Buyer,Small Retailer,2025-01-08,2025-12-19,19
132,ONE STOP SWEET WHOLESALER,Gauteng,51,65993.0,10558246.77,207024.4464705882,8.414634146341463,Monthly,High-Value Buyer,Medium Retailer,2025-01-09,2025-12-20,34
400,ISM TRADING,Gauteng,63,52003.0,9065583.469999999,143898.1503174603,6.351851851851852,Monthly,High-Value Buyer,Medium Retailer,2025-01-10,2025-12-19,33
581,HARVESTCO SA,Gauteng,26,15223.0,2705308.96,104050.34461538462,14.375,Sporadic,High-Value Buyer,Medium Retailer,2025-01-08,2025-12-19,21
458,CITY FOOD PLACE,Gauteng,19,17622.0,2645148.19,139218.3257894737,18.555555555555557,Sporadic,High-Value Buyer,Medium Retailer,2025-01-18,2025-12-18,18
564,JUE GENERAL TRADING,Gauteng,53,83190.0,11112502.280000001,209669.85433962266,7.466666666666667,Monthly,High-Value Buyer,Medium Retailer,2025-01-17,2025-12-19,30
321,ABBI SHOP (MINI MARKET),Polokwane,71,42095.0,10088456.75,142090.94014084508,6.290909090909091,Monthly,High-Value Buyer,Medium Retailer,2025-01-08,2025-12-20,31
521,FREEDOM GENERAL DEALERS,Gauteng,66,60421.0,9996043.01,151455.1971212121,5.810344827586207,Monthly,High-Value Buyer,Medium Retailer,2025-01-16,2025-12-19,37
133,LUCK 5 SUPER MARKET,Gauteng,66,30497.0,7539726.239999999,114238.27636363635,9.35135135135135,Sporadic,High-Value Buyer,Small Retailer,2025-01-08,2025-12-20,25
557,1ST CHOICE CASH & CARRY,Gauteng,49,54189.0,7688282.8,156903.7306122449,8.292682926829269,Monthly,High-Value Buyer,Medium Retailer,2025-01-13,2025-12-19,29
383,ARFAYE TUCKSHOP,Gauteng,55,18243.0,3028635.6899999995,55066.103454545446,8.390243902439025,Sporadic,High-Value Buyer,Small Retailer,2025-01-09,2025-12-19,21
131,AFRO ZONE TECHNOLOCHY (PTY) LTD,Gauteng,48,31831.0,5476227.51,114088.073125,7.644444444444445,Monthly,High-Value Buyer,Medium Retailer,2025-01-10,2025-12-20,30
8,AUTUMN SKY TRADING,Gauteng,36,30702.0,4165606.45,115711.29027777778,10.121212121212121,Monthly,High-Value Buyer,Medium Retailer,2025-01-20,2025-12-20,30
376,ROTENDA CONSORTIUM (PTY) LTD,Gauteng,61,108945.0,14299999.790000001,234426.22606557378,5.982456140350878,Bi-weekly,Bulk Buyer,Bulk/Wholesale,2025-01-11,2025-12-18,39
456,WINNIE SUPERMARKET,Gauteng,26,8308.0,1925841.93,74070.84346153846,14.25,Sporadic,High-Value Buyer,Small Retailer,2025-01-10,2025-12-18,22
221,KAIYUAN TRADING,Gauteng,46,51391.0,6973558.07,151599.08847826088,7.837209302325581,Monthly,High-Value Buyer,Medium Retailer,2025-01-17,2025-12-20,32
531,A WALALA WASALA SUPERMARKET,Gauteng,15,2877.0,696830.9099999999,46455.39399999999,25.76923076923077,Irregular,Regular Buyer,Small Retailer,2025-01-18,2025-12-19,11
98,SOMEAST WHOLESALE DISTRIBUTION,Hardware,259,130275.0,14579205.34,56290.36810810811,2.16025641025641,Bi-weekly,Bulk Buyer,Bulk/Wholesale,2025-01-20,2025-12-23,40
492,SHAMWARI CASH & CARRY,Gauteng,44,31942.0,6960896.59,158202.19522727272,8.666666666666666,Monthly,High-Value Buyer,Medium Retailer,2025-01-14,2025-12-18,29
477,AFRICAN AND TAWAKAL STORE,Polokwane,44,23816.0,5172299.02,117552.25045454544,8.19047619047619,Sporadic,High-Value Buyer,Medium Retailer,2025-01-10,2025-12-20,27
352,AYANO SUPERMARKET,Polokwane,108,153885.0,41603519.62261538,385217.77428347577,3.6082474226804124,Bi-weekly,Bulk Buyer,Bulk/Wholesale,2025-01-06,2025-12-22,47
508,THEMBISA CASH AND CARRY (PTY) LTD,Polokwane,133,147989.0,29701820.812707692,223321.9609978022,3.0442477876106193,Weekly,Bulk Buyer,Bulk/Wholesale,2025-01-09,2025-12-19,47
401,KIDSALOT,Gauteng,22,13788.0,2573745.16,116988.41636363637,16.285714285714285,Sporadic,High-Value Buyer,Medium Retailer,2025-01-10,2025-12-18,19
512,SIZA ABANTU CASH AND CARRY (PTY)LTD,Polokwane,129,129112.0,28817105.267342597,223388.41292513642,3.09009009009009,Weekly,Bulk Buyer,Bulk/Wholesale,2025-01-10,2025-12-19,46
163,NELLMAPIES WHOLESELAR,Gauteng,53,40958.0,7113982.140000001,134226.07811320756,6.745098039215686,Monthly,High-Value Buyer,Medium Retailer,2025-01-10,2025-12-20,33
530,MS GLOBAL,Gauteng,105,177650.0,20218438.46,192556.55676190477,3.951219512195122,Bi-weekly,Bulk Buyer,Bulk/Wholesale,2025-01-29,2025-12-19,40
62,MAYESELA GENERAL DEALER,Gauteng,25,21814.0,3110935.96,124437.4384,14.041666666666666,Sporadic,High-Value Buyer,Medium Retailer,2025-01-17,2025-12-20,22
94,TRADE CAPTAINS (PTY) LTD,Gauteng,21,14157.0,2311558.26,110074.20285714285,17.36842105263158,Sporadic,High-Value Buyer,Medium Retailer,2025-01-24,2025-12-20,17
40,LOTTO CASH N CARRY,Gauteng,99,55940.0,11803328.01,119225.53545454545,4.613333333333333,Monthly,High-Value Buyer,Medium Retailer,2025-01-08,2025-12-20,35
102,MYKA TRADING NEW TOWN,Hardware,527,273604.0,32329560.160000004,61346.41396584441,1.7058823529411764,Weekly,Bulk Buyer,Bulk/Wholesale,2025-01-08,2025-12-22,43
137,KH SWEETS MINI CASH & CARRY,Hardware,726,175819.0,33482855.709999997,46119.63596418732,1.72,Weekly,Bulk Buyer,Bulk/Wholesale,2025-01-13,2025-12-23,44
208,AFEEFA COSMETICS T/A AFEEFA TRADING (PTY) LTD,Gauteng,13,5062.0,1002708.1599999999,77131.39692307691,28.833333333333332,Irregular,High-Value Buyer,Small Retailer,2025-01-08,2025-12-20,11
526,MOKWENA SUPER STORE C&C,Gauteng,24,6485.0,1100869.68,45869.57,15.80952380952381,Sporadic,Regular Buyer,Small Retailer,2025-01-21,2025-12-19,18
648,KAYI WHOLESALERS(PTY)LTD,Gauteng,44,46623.0,6727902.550000001,152906.87613636366,9.35135135135135,Monthly,High-Value Buyer,Medium Retailer,2025-01-08,2025-12-20,28
3245,SHYMES MARKETING,Gauteng,49,54651.0,7702532.21,157194.53489795918,7.0638297872340425,Monthly,High-Value Buyer,Medium Retailer,2025-01-22,2025-12-20,34
80,METRO AWASH (PTY) LTD,Gauteng,189,139005.0,49866661.06,263844.76751322753,2.402877697841727,Weekly,Bulk Buyer,Bulk/Wholesale,2025-01-20,2025-12-20,43
73,DARUSALAM CASH AND CARRY,Gauteng,29,26112.0,4230268.03,145871.31137931035,12.333333333333334,Sporadic,High-Value Buyer,Medium Retailer,2025-01-21,2025-12-20,22
407,SYNDI-VALUE T/A LYTTELTON SUPERSPAR,Gauteng,35,13179.0,2950206.53,84291.61514285713,10.870967741935484,Sporadic,High-Value Buyer,Small Retailer,2025-01-16,2025-12-19,20
404,LIV GREEN ELECTRONICS,Gauteng,15,6130.0,1492361.57,99490.77133333334,24.214285714285715,Irregular,High-Value Buyer,Small Retailer,2025-01-13,2025-12-18,14
87,TEMBISA CASH AND CARRY,Gauteng,120,71484.0,9105482.85,75879.02375,3.536082474226804,Monthly,High-Value Buyer,Medium Retailer,2025-01-11,2025-12-20,39
350,SHALOM WHOLESALER,Gauteng,109,161235.0,23109744.369999997,212016.00339449538,4.095238095238095,Bi-weekly,Bulk Buyer,Bulk/Wholesale,2025-01-10,2025-12-20,38
528,MIDRAND FRESH MEATS CC T/A  B NAGIAH'S QAULITY MUT,Gauteng,53,49026.0,7255742.86,136900.8086792453,7.391304347826087,Monthly,High-Value Buyer,Medium Retailer,2025-01-13,2025-12-19,30
472,BM ENTERPRISES,Gauteng,28,22604.0,3108774.8099999996,111027.67178571426,13.038461538461538,Monthly,High-Value Buyer,Medium Retailer,2025-01-13,2025-12-18,25
84,X WHOLESALE & RETAIL T/A LUCKY C&C,Hardware,142,94547.0,13924427.42,98059.34802816901,3.227722772277228,Bi-weekly,High-Value Buyer,Medium Retailer,2025-01-31,2025-12-23,41
339,NKURE NKURU,Gauteng,19,15559.0,2529698.86,133142.0452631579,18.555555555555557,Sporadic,High-Value Buyer,Medium Retailer,2025-01-20,2025-12-20,16
474,MADIBA STORE THEMBISA,Gauteng,96,208403.0,20932343.9,218045.2489583333,4.291139240506329,Bi-weekly,Bulk Buyer,Bulk/Wholesale,2025-01-13,2025-12-18,39
205,A-GENERAL DEALERS,Gauteng,27,1861.0,344705.29,12766.862592592592,13.44,Sporadic,Regular Buyer,Small Retailer,2025-01-18,2025-12-20,18
4,BARAKA CASH N CARRY (PALM RIDGE),Gauteng,43,28731.0,6035713.75,140365.43604651163,8.625,Monthly,High-Value Buyer,Medium Retailer,2025-01-08,2025-12-19,35
215,CCW SALES & MARKETING,Gauteng,22,8520.0,1856819.58,84400.89,16.7,Sporadic,High-Value Buyer,Small Retailer,2025-01-20,2025-12-20,17
406,PHELANG CROSSING PHARMACY,Gauteng,36,14146.0,2772342.32,77009.50888888889,11.827586206896552,Sporadic,High-Value Buyer,Small Retailer,2025-01-10,2025-12-19,22
598,SIYABONGA DISTRIBUTORS,Gauteng,43,35848.0,6164613.66,143363.10837209303,9.18918918918919,Sporadic,High-Value Buyer,Medium Retailer,2025-01-13,2025-12-19,28
2,LESEDI CASH AND CARRY,Gauteng,40,45089.0,7278142.28,181953.557,8.947368421052632,Monthly,High-Value Buyer,Medium Retailer,2025-01-13,2025-12-19,29
139,PAPATO CASH & CARRY,Gauteng,60,88762.0,9928292.43,165471.5405,6.351851851851852,Monthly,High-Value Buyer,Medium Retailer,2025-01-13,2025-12-22,30
79,ALPHA HAIR BEAUTIQUE (PTY) LTD T/A WIN WIN EMPIRE,Gauteng,53,15511.0,4542624.89,85709.90358490565,8.19047619047619,Monthly,High-Value Buyer,Small Retailer,2025-01-10,2025-12-20,30
391,AQUA PURA,Gauteng,23,7901.0,1545135.85,67179.81956521739,16.38095238095238,Sporadic,High-Value Buyer,Small Retailer,2025-01-09,2025-12-19,17
185,SHAAZIA MAMS MALL,Gauteng,16,8558.0,1278022.18,79876.38625,22.666666666666668,Sporadic,High-Value Buyer,Medium Retailer,2025-01-14,2025-12-20,14
603,MABUNDA SUPERMARKET,Gauteng,24,18516.0,4451102.25,185462.59375,15.681818181818182,Sporadic,High-Value Buyer,Medium Retailer,2025-01-08,2025-12-19,19
152,ROWSHAN GEN TROG T/A ALI WHOLESALERS,Gauteng,91,90180.0,13646521.45,149961.77417582416,4.546666666666667,Monthly,High-Value Buyer,Medium Retailer,2025-01-13,2025-12-20,36
51,DROP TARGET DISTRIBUTION,Gauteng,336,211639.0,60631216.879999995,180450.05023809522,1.831578947368421,Weekly,Bulk Buyer,Bulk/Wholesale,2025-01-09,2025-12-23,46
335,LANGA CASH N CARRY,Gauteng,64,96051.0,10558864.25,164982.25390625,6.222222222222222,Monthly,High-Value Buyer,Medium Retailer,2025-01-18,2025-12-20,34
449,LIBAAN CASH AND CARRY,Gauteng,25,33949.0,5985267.7,239410.708,14.041666666666666,Sporadic,High-Value Buyer,Medium Retailer,2025-01-15,2025-12-18,19
193,PERFORMANCE,Gauteng,28,13171.0,2654646.95,94808.81964285715,13.6,Sporadic,High-Value Buyer,Small Retailer,2025-01-14,2025-12-20,19
637,HOPE RITE GROUP (PTY) LTD,Gauteng,37,44242.0,6902824.91,186562.8354054054,9.472222222222221,Monthly,High-Value Buyer,Medium Retailer,2025-01-13,2025-12-20,28
435,M&H SUPERMARKET MANKWENG,Gauteng,22,807.0,165075.61,7503.436818181817,16.6,Irregular,Regular Buyer,Small Retailer,2025-01-20,2025-12-18,15
149,MUNSHIGONJ SUPERMARKET,Gauteng,25,10501.0,2101887.0999999996,84075.48399999998,14.333333333333334,Sporadic,High-Value Buyer,Small Retailer,2025-01-10,2025-12-20,17
388,BITLINE SA 473 CC. T/A CHOICE SUPERMARKET,Gauteng,27,5611.0,996867.99,36921.03666666667,13.16,Sporadic,Regular Buyer,Small Retailer,2025-01-23,2025-12-18,23
515,CAMEL ROCK TRADING 272CC T/A CHOICE MALAMULELE,Gauteng,147,188466.0,33127266.090000004,225355.55163265308,2.782258064516129,Weekly,Bulk Buyer,Bulk/Wholesale,2025-01-11,2025-12-22,46
227,AZHER TRADING,Gauteng,46,71510.0,9606191.649999999,208830.25326086953,7.690476190476191,Monthly,High-Value Buyer,Medium Retailer,2025-01-31,2025-12-20,25
48,CITY MEDICAL WHOLESALERS CC,Gauteng,28,12303.0,2159665.7800000003,77130.92071428572,12.923076923076923,Monthly,High-Value Buyer,Small Retailer,2025-01-18,2025-12-20,22
371,ZUKA FACTORY SHOP (PTY) LTD,Gauteng,49,76583.0,9242784.43,188628.2536734694,7.377777777777778,Monthly,High-Value Buyer,Medium Retailer,2025-01-20,2025-12-18,27
410,COSMOS CITY CLINICS PHARMACY,Polokwane,76,101303.0,21359700.0,281048.6842105263,4.675675675675675,Bi-weekly,Bulk Buyer,Bulk/Wholesale,2025-01-07,2025-12-19,44
6,AFGAAB BABY CARE,Gauteng,25,8873.0,2103141.09,84125.6436,15.045454545454545,Sporadic,High-Value Buyer,Small Retailer,2025-01-22,2025-12-19,18
493,WARICH CASH & CARRY JANE FURSE,Polokwane,92,118296.0,29072011.939999998,316000.12978260865,3.898876404494382,Bi-weekly,Bulk Buyer,Bulk/Wholesale,2025-01-09,2025-12-22,46
432,CRUZ GROIP (PTY) LTD,Polokwane,103,105407.0,17060571.8673426,165636.62007128735,3.772727272727273,Bi-weekly,Bulk Buyer,Bulk/Wholesale,2025-01-22,2025-12-20,43
120,GO PATIENTLY TRADING AND PROJECTS 207,Gauteng,16,3374.0,579031.7900000002,36189.48687500001,21.733333333333334,Irregular,Regular Buyer,Small Retailer,2025-01-28,2025-12-20,14
45,MMADIKGONG TRADING AND DITRIBUTION,Gauteng,26,10874.0,2684810.01,103261.92346153845,14.416666666666666,Monthly,High-Value Buyer,Small Retailer,2025-01-08,2025-12-20,20
74,EVAGOLD CASH AND CARRY,Gauteng,45,62309.0,7185011.05,159666.91222222222,8.023809523809524,Monthly,High-Value Buyer,Medium Retailer,2025-01-17,2025-12-20,32
540,SILVER GENERAL TRADING (PTY) LTD,Gauteng,29,16512.0,3406264.9499999997,117457.41206896551,11.925925925925926,Sporadic,High-Value Buyer,Medium Retailer,2025-01-31,2025-12-19,23
395,BOITHOKO MEDICAL,Gauteng,11,4612.0,716692.35,65153.85,33.0,Irregular,High-Value Buyer,Small Retailer,2025-01-23,2025-12-19,8
144,MAGIC SUPER MARKET,Gauteng,17,2750.0,689533.01,40560.76529411765,21.625,Irregular,Regular Buyer,Small Retailer,2025-01-08,2025-12-20,14
327,MAMUSH SUPERMARKET,Gauteng,43,41038.0,6604474.4,153592.42790697675,8.794871794871796,Monthly,High-Value Buyer,Medium Retailer,2025-01-10,2025-12-19,31
608,MORS INDUSTRIES,Gauteng,45,45178.0,6753786.74,150084.14977777778,8.023809523809524,Monthly,High-Value Buyer,Medium Retailer,2025-01-17,2025-12-20,32
668,MANAIM INVESTMENT (PTY) LTD,Gauteng,32,28380.0,3591453.8500000006,112232.93281250002,11.517241379310345,Monthly,High-Value Buyer,Medium Retailer,2025-01-20,2025-12-20,24
103,DRINKWORLD,Gauteng,16,9759.0,2689747.86,168109.24125,22.733333333333334,Sporadic,High-Value Buyer,Medium Retailer,2025-01-13,2025-12-20,12
524,IVORY PARK WHOLESALERS,Gauteng,54,48538.0,8476342.149999999,156969.29907407405,7.1875,Monthly,High-Value Buyer,Medium Retailer,2025-01-08,2025-12-19,32
699,AW STREETWISE (PTY) LTD,Gauteng,28,27103.0,3334485.63,119088.77249999999,12.481481481481481,Sporadic,High-Value Buyer,Medium Retailer,2025-01-17,2025-12-20,21
72,BEDER CASH & CARRY,Gauteng,106,196467.0,22986524.759999998,216854.0071698113,4.367088607594937,Bi-weekly,Bulk Buyer,Bulk/Wholesale,2025-01-09,2025-12-20,43
572,LUCKY WHOLESALE,Gauteng,53,66070.0,8812361.29,166270.96773584903,6.74,Monthly,High-Value Buyer,Medium Retailer,2025-01-16,2025-12-19,33
124,TONKODISCOUNT CASH AND CARRY,Gauteng,20,15765.0,1841790.12,92089.50600000001,18.333333333333332,Sporadic,High-Value Buyer,Medium Retailer,2025-01-24,2025-12-20,16
65,BUDGET CASH AND CARRY MABOPANE,Gauteng,27,4870.0,1155771.38,42806.347407407404,12.961538461538462,Sporadic,Regular Buyer,Small Retailer,2025-01-17,2025-12-20,21
50,ROODEPOORT CASH AND CARRY,Gauteng,226,362150.0,26051515.69,115272.19331858408,2.5968992248062017,Weekly,Bulk Buyer,Bulk/Wholesale,2025-01-22,2025-12-23,43
627,SABSE GENRAL TRADING CC,Gauteng,41,61197.0,7824945.44,190852.32780487806,9.216216216216216,Monthly,High-Value Buyer,Medium Retailer,2025-01-13,2025-12-20,28
541,HASHIR RAZA BROADWAY SUPERMARKET,Gauteng,18,2446.0,481235.02999999997,26735.279444444444,21.4375,Irregular,Regular Buyer,Small Retailer,2025-01-10,2025-12-19,15
490,NIZAMS MAMELODI SQUARE,Gauteng,22,19869.0,3423212.11,155600.55045454545,15.80952380952381,Sporadic,High-Value Buyer,Medium Retailer,2025-01-20,2025-12-18,19
145,GOLDEN SUPERMARKET,Hardware,48,28884.0,5501613.79,114616.95395833334,10.030303030303031,Sporadic,High-Value Buyer,Medium Retailer,2025-01-23,2025-12-20,25
632,ELWAK TRADING,Gauteng,46,49331.0,7890825.26,171539.67956521738,8.15,Monthly,High-Value Buyer,Medium Retailer,2025-01-28,2025-12-20,30
460,ZVAKANAKA SUPERMARKET,Gauteng,16,5822.0,1002790.52,62674.4075,24.214285714285715,Sporadic,High-Value Buyer,Small Retailer,2025-01-13,2025-12-18,14
63,LANDGANO SUPERMARKET CC,Gauteng,76,127659.0,16214873.88,213353.60368421054,5.030769230769231,Bi-weekly,Bulk Buyer,Bulk/Wholesale,2025-01-27,2025-12-20,38
353,CHEAP CHEAP ZEBEDIELA,Polokwane,96,165566.0,31338691.95,326444.7078125,3.723404255319149,Weekly,Bulk Buyer,Bulk/Wholesale,2025-01-06,2025-12-22,48
672,MOKOPANE MULTISAVE,Gauteng,18,6752.0,1160706.98,64483.72111111111,20.25,Sporadic,High-Value Buyer,Small Retailer,2025-01-30,2025-12-20,15
495,PLATINUM CASH & CARRY,Gauteng,44,40423.0,7009424.739999999,159305.1077272727,8.55,Monthly,High-Value Buyer,Medium Retailer,2025-01-10,2025-12-18,30
82,DINI CASH & CARRY,Gauteng,39,39450.0,6259944.54,160511.39846153845,9.078947368421053,Monthly,High-Value Buyer,Medium Retailer,2025-01-09,2025-12-20,28
369,BAYVIEW EXPORTS (PTY) LTD,Gauteng,40,78189.0,8880027.94,222000.6985,9.228571428571428,Monthly,High-Value Buyer,Medium Retailer,2025-01-29,2025-12-18,26
23,GERMISTON CASH AND CARRY,Hardware,197,92289.0,39098065.33,198467.3367005076,2.4855072463768115,Weekly,High-Value Buyer,Small Retailer,2025-01-13,2025-12-22,44
617,GOD LOVE GROUP (PTY) LTD,Gauteng,27,12695.0,2828830.2199999997,104771.48962962962,14.333333333333334,Sporadic,High-Value Buyer,Small Retailer,2025-01-10,2025-12-20,21
158,MSK TRADING,Gauteng,52,33008.0,5169877.22,99420.71576923077,7.148936170212766,Monthly,High-Value Buyer,Medium Retailer,2025-01-18,2025-12-20,31
535,ZAMA ZAMA SUPERMARKET,Gauteng,28,10554.0,1856822.1800000002,66315.07785714287,14.375,Sporadic,High-Value Buyer,Small Retailer,2025-01-08,2025-12-19,20
577,FROZEN DILHT,Gauteng,17,2431.0,466071.30000000005,27415.958823529414,23.785714285714285,Irregular,Regular Buyer,Small Retailer,2025-01-20,2025-12-19,11
623,CKP DISTRIBUTORS (PTY) LTD,Gauteng,44,40991.0,6210650.75,141151.1534090909,8.425,Monthly,High-Value Buyer,Medium Retailer,2025-01-17,2025-12-20,31
3,AL-AMIIN GENERAL DEALER,Gauteng,24,5752.0,1382530.07,57605.419583333336,14.434782608695652,Sporadic,High-Value Buyer,Small Retailer,2025-01-21,2025-12-19,20
25,ADVANCE WAREHOUSING (PTY) LTD,Gauteng,116,89333.0,11779032.95,101543.3875,5.688524590163935,Monthly,High-Value Buyer,Medium Retailer,2025-01-09,2025-12-22,30
548,MOM ZAHRA WHOLESALE AND RETAIL (PTY) LTD,Gauteng,13,2933.0,630044.97,48464.99769230769,29.363636363636363,Irregular,Regular Buyer,Small Retailer,2025-01-30,2025-12-19,10
156,KLIPGAT WHOLESALER,Gauteng,36,21678.0,2710916.1399999997,75303.2261111111,9.617647058823529,Monthly,High-Value Buyer,Medium Retailer,2025-01-27,2025-12-20,23
463,KHATELENI SUPERMARKET,Gauteng,17,3066.0,450800.12,26517.65411764706,22.8,Irregular,Regular Buyer,Small Retailer,2025-01-10,2025-12-18,13
358,RAINBOW BARGAIN STORE,Polokwane,83,62290.0,12629626.04,152164.1691566265,4.35,Bi-weekly,High-Value Buyer,Medium Retailer,2025-01-06,2025-12-20,42
378,WIPE IT CC,Gauteng,41,64483.0,7049392.58,171936.4043902439,8.435897435897436,Sporadic,High-Value Buyer,Medium Retailer,2025-01-23,2025-12-18,27
651,HIPPIE HEALTH,Gauteng,14,3225.0,546145.3300000001,39010.38071428572,28.083333333333332,Irregular,Regular Buyer,Small Retailer,2025-01-17,2025-12-20,12
135,AL MADAR GENERAL TRADING,Gauteng,31,18173.0,3319203.9000000004,107071.09354838711,11.2,Monthly,High-Value Buyer,Medium Retailer,2025-01-18,2025-12-20,23
174,GOOD PRICE SUPERMARKET,Gauteng,87,83625.0,16070991.049999999,184724.03505747125,4.9411764705882355,Monthly,High-Value Buyer,Medium Retailer,2025-01-18,2025-12-20,34
575,TODAY'S HOPE TRADING AND PROJECTS,Gauteng,31,16053.0,3447846.67,111220.86032258064,12.321428571428571,Sporadic,High-Value Buyer,Medium Retailer,2025-01-08,2025-12-19,23
539,FREEDOM CASH AND CARY,Gauteng,46,48367.0,9240013.86,200869.8665217391,8.142857142857142,Monthly,High-Value Buyer,Medium Retailer,2025-01-11,2025-12-19,31
545,WORLD BLOOM (PTY) LTD,Gauteng,73,96772.0,13405361.530000001,183635.08945205482,5.666666666666667,Bi-weekly,High-Value Buyer,Medium Retailer,2025-01-13,2025-12-19,39
431,SULTAN M TRADING,Polokwane,84,83983.0,23338370.570092306,277837.74488205125,4.435897435897436,Bi-weekly,High-Value Buyer,Medium Retailer,2025-01-10,2025-12-22,46
392,ABC SWEETS,Gauteng,36,11810.0,2622753.98,72854.27722222223,13.52,Sporadic,High-Value Buyer,Small Retailer,2025-01-15,2025-12-19,20
527,RAYAN INTERNATIONAL TRADING CC,Gauteng,26,19716.0,2517906.6399999997,96842.56307692306,14.91304347826087,Sporadic,High-Value Buyer,Medium Retailer,2025-01-10,2025-12-19,21
470,NUURADIN TRADING LTD T/A ZAMA ZAMA SUPERSTORE,Gauteng,41,38736.0,6304736.58,153774.06292682927,9.166666666666666,Monthly,High-Value Buyer,Medium Retailer,2025-01-22,2025-12-18,27
397,BIG SAVE WATLOO (PTY) LTD,Gauteng,48,43476.0,5990392.34,124799.84041666666,7.659090909090909,Monthly,High-Value Buyer,Medium Retailer,2025-01-16,2025-12-19,31
166,SUNRISE SUPERMARKET,Gauteng,20,10974.0,1481478.21,74073.9105,19.11111111111111,Irregular,High-Value Buyer,Medium Retailer,2025-01-10,2025-12-20,16
661,LAKIMI CC TA BROTHERS CASH AND CARRY,Gauteng,21,10444.0,2089595.6400000001,99504.55428571429,16.5,Sporadic,High-Value Buyer,Small Retailer,2025-01-24,2025-12-20,18
356,RAZA BROADWAY SUPERMARKET,Gauteng,22,8449.0,1497231.1,68055.95909090909,12.6,Sporadic,High-Value Buyer,Small Retailer,2025-04-12,2025-12-20,12
143,SAVEMORE SPAR SUPERMARKET,Gauteng,30,13756.0,2781629.1899999995,92720.97299999998,11.931034482758621,Sporadic,High-Value Buyer,Small Retailer,2025-01-08,2025-12-20,22
382,ALI SUPERMARKET RABASUTU,Gauteng,22,9021.0,1681029.68,76410.44,17.15,Sporadic,High-Value Buyer,Small Retailer,2025-01-10,2025-12-19,16
464,DISCOUNT CASH N CARRY,Gauteng,30,22901.0,4374888.65,145829.62166666667,12.76923076923077,Sporadic,High-Value Buyer,Medium Retailer,2025-01-20,2025-12-18,22
416,A ONE WHOLESALERS MAKHADO,Gauteng,61,27754.0,5956581.27,97648.87327868852,6.444444444444445,Monthly,High-Value Buyer,Small Retailer,2025-01-08,2025-12-22,31
150,MUHAMEDIA STORE,Hardware,58,27794.0,7290030.32,125690.17793103449,6.549019607843137,Monthly,High-Value Buyer,Small Retailer,2025-01-20,2025-12-20,28
614,SUNCITY SUPERMARKET,Gauteng,14,3049.0,388582.05,27755.860714285714,19.384615384615383,Sporadic,Regular Buyer,Small Retailer,2025-04-12,2025-12-20,11
66,MAKGATHO WHOLE SALERS,Gauteng,84,116994.0,10325508.59,122922.72130952381,5.583333333333333,Monthly,Bulk Buyer,Bulk/Wholesale,2025-01-21,2025-12-22,33
211,SOM SUPER STORE,Gauteng,48,37652.0,5665125.109999999,118023.43979166665,8.615384615384615,Monthly,High-Value Buyer,Medium Retailer,2025-01-18,2025-12-20,29
56,REIN SUPPLIES,Gauteng,26,33037.0,8365274.49,321741.32653846155,13.75,Monthly,High-Value Buyer,Medium Retailer,2025-01-24,2025-12-20,21
578,HOME SWEET WHOLESALER,Gauteng,18,4622.0,918332.4800000001,51018.47111111112,21.0,Sporadic,High-Value Buyer,Small Retailer,2025-01-17,2025-12-19,15
17,FOOD BAZAAR CASH N CARRY (PTY) LTD,Gauteng,23,12358.0,2114934.52,91953.6747826087,16.047619047619047,Sporadic,High-Value Buyer,Medium Retailer,2025-01-17,2025-12-20,18
446,UNIMAART-MAMELODI,Gauteng,13,5798.0,1022696.5000000001,78668.96153846155,27.333333333333332,Sporadic,High-Value Buyer,Small Retailer,2025-01-24,2025-12-18,12
7,SOWETO CASH N CARRY,Gauteng,41,33928.0,5782334.359999999,141032.54536585364,8.789473684210526,Monthly,High-Value Buyer,Medium Retailer,2025-01-20,2025-12-20,27
552,SALEH SWEETS (PTY) LTD,Gauteng,19,11196.0,2114393.6,111283.87368421053,19.705882352941178,Irregular,High-Value Buyer,Medium Retailer,2025-01-18,2025-12-19,16
86,OLIFAN CASH & CARRY,Gauteng,47,55445.0,8308123.350000001,176768.58191489364,7.478260869565218,Monthly,High-Value Buyer,Medium Retailer,2025-01-10,2025-12-20,32
599,NASRI ELECTRONIC & PLASTIC WHOLESALER,Gauteng,11,1352.0,236408.35000000003,21491.668181818186,36.55555555555556,Irregular,Regular Buyer,Small Retailer,2025-01-24,2025-12-19,9
534,AK SWEETS,Gauteng,11,3590.0,666847.6399999999,60622.51272727272,27.666666666666668,Irregular,High-Value Buyer,Small Retailer,2025-04-14,2025-12-19,9
455,MARVELOUS WHOLESALERS,Gauteng,19,7340.0,1540421.17,81074.79842105263,19.0,Sporadic,High-Value Buyer,Small Retailer,2025-01-10,2025-12-18,15
360,SHORTY VIEW SHOP,Polokwane,81,60337.0,13618717.095169231,168132.3098169041,4.957142857142857,Monthly,High-Value Buyer,Medium Retailer,2025-01-09,2025-12-22,37
354,MAKANYE CASH & CARRY MANKWENG,Polokwane,90,171267.0,31097845.035107695,345531.61150119663,4.035714285714286,Bi-weekly,Bulk Buyer,Bulk/Wholesale,2025-01-17,2025-12-22,44
403,THE OBSTACLE DEN TRADING,Gauteng,61,55985.0,11302102.36,185280.36655737704,6.857142857142857,Monthly,High-Value Buyer,Medium Retailer,2025-01-17,2025-12-19,32
368,CHEEKO INVESTMENTS,Polokwane,57,52486.0,10472685.469999999,183731.3240350877,6.653846153846154,Monthly,High-Value Buyer,Medium Retailer,2025-01-07,2025-12-19,33
444,TROPICANA SUPERMARKET,Gauteng,13,5321.0,2893154.59,222550.35307692306,28.25,Irregular,High-Value Buyer,Small Retailer,2025-01-13,2025-12-18,11
111,SAMAD CASH AND CARRY,Hardware,178,201824.0,34117828.77,191673.19533707868,2.768,Bi-weekly,Bulk Buyer,Bulk/Wholesale,2025-01-08,2025-12-20,41
646,GAPCO SERVICES (PTY) LTD,Gauteng,17,2730.0,382755.73,22515.04294117647,21.0625,Irregular,Regular Buyer,Small Retailer,2025-01-17,2025-12-20,13
518,ZAKERA COSMETICS,Gauteng,28,13878.0,3757312.58,134189.73500000002,15.409090909090908,Sporadic,High-Value Buyer,Small Retailer,2025-01-14,2025-12-19,16
612,YEOVILLE CASH AND CARRY (PTY)LTD/SUPA SAVE,Gauteng,17,4712.0,581027.27,34178.074705882354,21.25,Irregular,Regular Buyer,Small Retailer,2025-01-14,2025-12-20,15
445,DISTRI FOODS,Gauteng,16,4366.0,940557.0700000001,58784.816875000004,22.6,Irregular,High-Value Buyer,Small Retailer,2025-01-13,2025-12-18,12
375,FRUITY FRESH,Gauteng,12,3469.0,664919.51,55409.95916666667,29.181818181818183,Irregular,High-Value Buyer,Small Retailer,2025-01-31,2025-12-18,11
316,UFI DISTRIBUTION CENTRE (PTY) LTD,Gauteng,17,5980.0,1293447.5799999998,76085.15176470588,20.25,Irregular,High-Value Buyer,Small Retailer,2025-01-30,2025-12-20,14
570,TANAAD GENERAL FASHIONS,Gauteng,10,8166.0,1172535.0,117253.5,31.125,Irregular,High-Value Buyer,Medium Retailer,2025-04-14,2025-12-19,7
83,TAWAKAL TOWIQ CASH AND CARRY,Gauteng,20,12196.0,2229645.7800000003,111482.28900000002,19.41176470588235,Sporadic,High-Value Buyer,Medium Retailer,2025-01-24,2025-12-20,16
643,TTK GLOBAL DISTRIBUTORS,Gauteng,21,25557.0,4427025.47,210810.73666666666,16.55,Sporadic,High-Value Buyer,Medium Retailer,2025-01-23,2025-12-20,18
480,Y&M SUPERMARKET,Polokwane,74,80755.0,15569707.50753846,210401.45280457378,5.088235294117647,Monthly,High-Value Buyer,Medium Retailer,2025-01-08,2025-12-20,42
682,EFREM WHOLESALE,Gauteng,73,117847.0,13973123.54,191412.6512328767,5.533333333333333,Bi-weekly,Bulk Buyer,Bulk/Wholesale,2025-01-22,2025-12-20,35
481,BISMILLAH WATLOO CASH & CARRY,Gauteng,54,74487.0,8530513.36,157972.46962962963,7.0625,Monthly,High-Value Buyer,Medium Retailer,2025-01-13,2025-12-18,35
681,STANLEY LOGISTICS (PVT) LTD,Gauteng,32,23109.0,4591245.09,143476.4090625,10.64516129032258,Monthly,High-Value Buyer,Medium Retailer,2025-01-24,2025-12-20,25
634,RECHARGE CASH N CARRY,Gauteng,45,58572.0,7194661.209999999,159881.3602222222,7.902439024390244,Monthly,High-Value Buyer,Medium Retailer,2025-01-30,2025-12-20,30
522,S.M WHOLESALERS CC,Gauteng,35,46883.0,7297618.18,208503.37657142855,11.1,Monthly,High-Value Buyer,Medium Retailer,2025-01-20,2025-12-19,22
347,NK INDUSTRIES (PTY) LTD,Gauteng,29,15499.0,3218971.0999999996,110999.00344827585,13.307692307692308,Sporadic,High-Value Buyer,Medium Retailer,2025-01-08,2025-12-20,22
555,BEST BEAUTY,Gauteng,13,3826.0,518038.9,39849.14615384616,31.181818181818183,Irregular,Regular Buyer,Small Retailer,2025-01-10,2025-12-19,11
59,FRONT ROW FMCG STORE,Gauteng,32,26875.0,4761562.76,148798.83625,11.533333333333333,Monthly,High-Value Buyer,Medium Retailer,2025-01-08,2025-12-20,23
509,MABINS CASH AND CARRY,Polokwane,104,151183.0,25072718.42,241083.83096153848,3.5157894736842104,Bi-weekly,Bulk Buyer,Bulk/Wholesale,2025-01-22,2025-12-22,41
800,FRESH PLANT PVT LIMITED,Gauteng,14,4486.0,887428.29,63387.735,26.0,Irregular,High-Value Buyer,Small Retailer,2025-01-16,2025-12-20,12
468,SMASH CAFE,Gauteng,17,12724.0,3405671.16,200333.59764705884,21.4375,Irregular,High-Value Buyer,Medium Retailer,2025-01-09,2025-12-18,13
653,FEMZ COSMETICS (PTY) LTD,Gauteng,33,33163.0,4933196.24,149490.79515151517,11.433333333333334,Monthly,High-Value Buyer,Medium Retailer,2025-01-11,2025-12-20,25
491,ASGARD TRADING,Gauteng,60,97863.0,11613244.14,193554.06900000002,6.745098039215686,Monthly,High-Value Buyer,Medium Retailer,2025-01-08,2025-12-18,34
562,777 SUPERMARKET,Gauteng,26,5049.0,913134.92,35120.57384615385,16.19047619047619,Sporadic,Regular Buyer,Small Retailer,2025-01-13,2025-12-19,17
656,KAYI CAPITAL,Gauteng,28,14835.0,3963355.2300000004,141548.40107142858,12.222222222222221,Sporadic,High-Value Buyer,Medium Retailer,2025-01-24,2025-12-20,22
430,BOKHA BROTHERS 786 PTY,Gauteng,39,55041.0,7455406.48,191164.26871794873,9.17142857142857,Monthly,High-Value Buyer,Medium Retailer,2025-01-31,2025-12-18,31
138,TREE BROTHER HOLY SELERS,Gauteng,16,5492.0,776509.0299999999,48531.814374999994,23.066666666666666,Sporadic,Regular Buyer,Small Retailer,2025-01-08,2025-12-20,15
506,CTX SUPPLIERS (PTY) LTD,Polokwane,58,58305.0,10832293.59,186763.68258620688,6.452830188679245,Monthly,High-Value Buyer,Medium Retailer,2025-01-10,2025-12-18,37
346,RAJON BLUE SHOP,Cape Town,29,11010.0,3447479.76,118878.61241379309,14.91304347826087,Sporadic,High-Value Buyer,Small Retailer,2025-01-10,2025-12-19,16
587,NEATELA LIFESTYLE (PTY) LTD,Gauteng,17,5019.0,1494215.33,87895.0194117647,22.4,Irregular,High-Value Buyer,Small Retailer,2025-01-17,2025-12-19,13
168,ROHAN SUPERMARKET,Hardware,256,91558.0,11993060.57,46847.8928515625,2.6744186046511627,Monthly,Frequent Buyer,Small Retailer,2025-01-09,2025-12-20,34
189,MEDICAL CENTER,Gauteng,17,8522.0,1681067.92,98886.3482352941,21.666666666666668,Irregular,High-Value Buyer,Medium Retailer,2025-01-29,2025-12-20,14
117,ALFAJRI GENERAL TRADING (PTY) LTD,Hardware,139,43779.0,25267594.44,181781.25496402878,2.982608695652174,Bi-weekly,High-Value Buyer,Small Retailer,2025-01-13,2025-12-22,39
630,GANI WHOLESALERS (PTY) LTD,Gauteng,50,40925.0,7038052.26,140761.0452,7.568181818181818,Monthly,High-Value Buyer,Medium Retailer,2025-01-21,2025-12-20,29
596,R 5 MUSA SHOP,Gauteng,15,1006.0,157799.55,10519.97,28.75,Irregular,Regular Buyer,Small Retailer,2025-01-08,2025-12-19,11
333,H H X TRADE,Gauteng,34,41417.0,7372844.82,216848.37705882353,10.40625,Monthly,High-Value Buyer,Medium Retailer,2025-01-21,2025-12-20,25
148,AFRICAN SUPERMARKET,Gauteng,24,18028.0,3798258.9999999995,158260.79166666666,15.727272727272727,Sporadic,High-Value Buyer,Medium Retailer,2025-01-08,2025-12-20,20
372,YASEENS SUPERETTE,Gauteng,45,58070.0,8887481.59,197499.5908888889,7.809523809523809,Monthly,High-Value Buyer,Medium Retailer,2025-01-24,2025-12-18,31
160,BBK SUPERMARKET,Gauteng,36,28515.0,4467950.35,124109.73194444443,11.225806451612904,Monthly,High-Value Buyer,Medium Retailer,2025-01-09,2025-12-23,25
542,YAFEIT GENERAL TRADING,Gauteng,25,23492.0,3871710.4700000007,154868.4188,14.043478260869565,Monthly,High-Value Buyer,Medium Retailer,2025-01-30,2025-12-19,21
357,NURANI TUCKSHOP,Gauteng,92,68903.0,12681721.11160826,137844.7946913941,4.526315789473684,Monthly,High-Value Buyer,Medium Retailer,2025-01-10,2025-12-20,33
224,NATURE'S HEALING,Gauteng,15,4645.0,1046968.9999999999,69797.93333333332,26.0,Sporadic,High-Value Buyer,Small Retailer,2025-01-16,2025-12-20,13
554,FAMILY SUPERMARKET,Gauteng,18,2729.0,889833.12,49435.17333333333,23.0,Irregular,Regular Buyer,Small Retailer,2025-01-08,2025-12-19,13
461,SOMAIYA SUPERMARKET,Gauteng,15,5394.0,873080.5299999999,58205.36866666666,24.428571428571427,Irregular,High-Value Buyer,Small Retailer,2025-01-10,2025-12-18,13
673,BUEMA COMERCIAL;E.I,Gauteng,45,42179.0,7031137.65,156247.50333333336,8.275,Monthly,High-Value Buyer,Medium Retailer,2025-01-23,2025-12-20,31
628,MA SWEET SUPERMARKET,Gauteng,18,6989.0,1339856.87,74436.49277777778,21.625,Irregular,High-Value Buyer,Small Retailer,2025-01-08,2025-12-20,15
386,LUCKY SHOPS,Gauteng,20,3973.0,773892.94,38694.647,20.176470588235293,Irregular,Regular Buyer,Small Retailer,2025-01-10,2025-12-19,14
223,ADEED GENERAL DEALERS (PTY)LTD,Gauteng,12,2615.0,610287.3999999999,50857.283333333326,30.636363636363637,Irregular,High-Value Buyer,Small Retailer,2025-01-17,2025-12-20,9
151,NEW STAR SUPERMARKET,Hardware,61,19545.0,6144612.369999999,100731.35032786884,7.040816326530612,Monthly,High-Value Buyer,Small Retailer,2025-01-09,2025-12-20,29
437,UNIMART ALEXANDRA TRADING (PTY)LTD,Gauteng,9,5298.0,918773.69,102085.96555555555,40.375,Irregular,High-Value Buyer,Medium Retailer,2025-01-29,2025-12-18,9
618,MMM RUGRATS,Gauteng,16,3408.0,659884.2100000001,41242.763125000005,21.533333333333335,Irregular,Regular Buyer,Small Retailer,2025-01-31,2025-12-20,13
104,GREEN SUPERMARKET,Hardware,783,271360.0,36453600.11,46556.32197956577,1.9171270718232045,Bi-weekly,Bulk Buyer,Bulk/Wholesale,2025-01-10,2025-12-23,40
318,WOSA WOSA WHOLE SALER,Gauteng,14,9537.0,2175233.22,155373.80142857143,25.615384615384617,Irregular,High-Value Buyer,Medium Retailer,2025-01-21,2025-12-20,11
344,RICH FOREVER ENTERPRISES,Gauteng,19,7791.0,1061677.58,55877.76736842105,19.058823529411764,Sporadic,High-Value Buyer,Small Retailer,2025-01-30,2025-12-20,16
HB_FOU002,FOURWAYS SHOP,George,51,56074.0,12834456.48,251656.0094117647,13.576923076923077,Irregular,High-Value Buyer,Medium Retailer,2024-01-16,2025-12-22,40
HB_QOL001,QOLWENI DISCOUNT SHOP,George,65,115320.0,23594672.13,362994.95584615384,10.492537313432836,Irregular,Bulk Buyer,Bulk/Wholesale,2024-01-15,2025-12-18,43
HB_NJ 001,NJ Comunitty Cash Store,George,64,113573.0,27676429.65,432444.21328125,10.984375,Irregular,Bulk Buyer,Bulk/Wholesale,2024-01-16,2025-12-19,41
HB_BUS001,BUSY CORNER HOP,George,65,120054.0,24927510.22,383500.1572307692,5.3125,Monthly,Bulk Buyer,Bulk/Wholesale,2025-01-14,2025-12-20,37
HB_ALS001,Alshabaab Shop,George,58,101301.0,24962350.0,430385.3448275862,11.75,Irregular,Bulk Buyer,Bulk/Wholesale,2024-01-17,2025-12-22,40
HB_FRI004,Friendly Shop Super Market,George,63,93202.0,21502410.799999997,341308.1079365079,11.306451612903226,Irregular,High-Value Buyer,Medium Retailer,2024-01-21,2025-12-22,43
HB_RAM003,RAMADHAN CASH STORE,George,46,69382.0,14334466.0,311618.82608695654,15.488888888888889,Irregular,High-Value Buyer,Medium Retailer,2024-01-25,2025-12-22,36
HB_PEO003,People's Cash Store,George,41,67374.0,14887666.95,363113.82804878044,16.738095238095237,Irregular,High-Value Buyer,Medium Retailer,2024-01-15,2025-12-18,34
HB_JJ'001,JJ's Supermarket,George,63,121992.0,27078944.77,429824.52015873016,11.015625,Irregular,Bulk Buyer,Bulk/Wholesale,2024-01-17,2025-12-22,44
HB_ALL007,All Nation Shop,George,54,67809.0,15587807.9,288663.10925925925,12.709090909090909,Irregular,High-Value Buyer,Medium Retailer,2024-01-21,2025-12-20,36
HB_HOP001,Hope Cash&Carry,George,68,137578.0,33637591.21,494670.4589705882,9.95774647887324,Irregular,Bulk Buyer,Bulk/Wholesale,2024-01-15,2025-12-22,40
HB_HAA001,HAARLEM SUPERMARKET,George,67,113561.0,26703546.020000003,398560.388358209,10.753846153846155,Irregular,Bulk Buyer,Bulk/Wholesale,2024-01-20,2025-12-19,37
HB_CUT001,"Cut Price C,n,carry",George,71,143609.0,36305763.230000004,511348.777887324,10.144927536231885,Irregular,Bulk Buyer,Bulk/Wholesale,2024-01-22,2025-12-22,43
HB_MOL001,MOLOMO GENERAL DEALER,George,48,57852.0,12577826.450000001,262038.05104166668,14.659574468085106,Irregular,High-Value Buyer,Medium Retailer,2024-01-30,2025-12-19,34
HB_SAL001,Salamuuni Super Market,George,52,90790.0,20454100.35,393348.0836538462,13.23076923076923,Irregular,High-Value Buyer,Medium Retailer,2024-01-31,2025-12-19,36
HB_ALL001,ALL IN ONE STOTE,George,49,76610.0,19038242.830000002,388535.5679591837,14.583333333333334,Irregular,High-Value Buyer,Medium Retailer,2024-01-22,2025-12-22,37
HB_DAN002,DANKAAR WINKEL SHOP,George,53,74707.0,20585284.5,388401.59433962265,13.056603773584905,Irregular,High-Value Buyer,Medium Retailer,2024-01-28,2025-12-20,37
HB_GOL001,Golden Star Supermarket,George,58,92887.0,19876419.2,342696.88275862066,12.321428571428571,Irregular,High-Value Buyer,Medium Retailer,2024-01-29,2025-12-19,38
HB_SUP004,SUPERMARK,George,40,50148.0,12665781.69,316644.54225,17.375,Irregular,High-Value Buyer,Medium Retailer,2024-01-24,2025-12-19,30
HB_ARS001,Arsenal Shop,George,60,103426.0,21960150.119999997,366002.502,11.733333333333333,Irregular,Bulk Buyer,Bulk/Wholesale,2024-01-18,2025-12-22,40
HB_SUN005,Sunshine Superstore,George,43,65660.0,15290482.835,355592.6240697675,16.0,Irregular,High-Value Buyer,Medium Retailer,2024-01-27,2025-12-15,35
HB_HIR001,Hiran Tuck Shop,George,34,33958.0,6459836.78,189995.1994117647,20.085714285714285,Irregular,High-Value Buyer,Medium Retailer,2024-01-16,2025-12-19,31
HB_SUN002,SUNRISE CASH STORE,George,57,73461.0,19780693.049999997,347029.7026315789,12.228070175438596,Irregular,High-Value Buyer,Medium Retailer,2024-01-25,2025-12-22,36
HB_AL 002,AL MUBARAK CASH STORE,George,54,87395.0,18854020.55,349148.5287037037,13.18867924528302,Irregular,High-Value Buyer,Medium Retailer,2024-01-21,2025-12-20,38
HB_WHI001,White LOCATION CASH STORE,George,27,31767.0,8440438.5,312608.8333333333,25.814814814814813,Irregular,High-Value Buyer,Medium Retailer,2024-01-23,2025-12-20,23
HB_SHA002,SHAMIKA SUPERMARKET,George,53,87065.0,19065111.0,359719.07547169813,13.11320754716981,Irregular,High-Value Buyer,Medium Retailer,2024-01-27,2025-12-22,40
HB_ZAM002,Zamazama Shop,George,45,49618.0,11214749.739999998,249216.66088888884,15.666666666666666,Irregular,High-Value Buyer,Medium Retailer,2024-01-17,2025-12-22,35
HB_RAM005,RAMADHAAN SHOP(Ladismith),George,43,70190.0,15461918.979999999,359579.51116279064,16.428571428571427,Irregular,High-Value Buyer,Medium Retailer,2024-01-27,2025-12-17,35
HB_SAI001,SAIFUL MINIMARKET,George,47,73491.0,16555610.149999999,352247.0244680851,7.733333333333333,Monthly,High-Value Buyer,Medium Retailer,2025-01-08,2025-12-22,35
HB_AB 002,"AB Z, GENERAL SHOP",George,40,57794.0,13252914.48,331322.862,17.425,Irregular,High-Value Buyer,Medium Retailer,2024-01-22,2025-12-19,32
HB_FOU001,Fourstar Supermatket,George,62,88636.0,21079483.990000002,339991.67725806456,5.148148148148148,Monthly,High-Value Buyer,Medium Retailer,2025-03-19,2025-12-22,32
HB_BAL001,BALLOTSVIEW SUPERMARKET,George,41,53270.0,11238477.6,274109.2097560975,16.853658536585368,Irregular,High-Value Buyer,Medium Retailer,2024-01-31,2025-12-22,31
HB_50 001,50 Cent Cash Stoee,George,35,40412.0,9690152.33,276861.49514285714,19.571428571428573,Irregular,High-Value Buyer,Medium Retailer,2024-01-31,2025-12-16,30
HB_SAJ001,SAJEED SUPERMARKET,George,59,107780.0,28056828.659999996,475539.4688135593,11.932203389830509,Irregular,Bulk Buyer,Bulk/Wholesale,2024-01-15,2025-12-19,40
HB_MAD003,Madina SupermRket,George,41,66591.0,14346553.85,349915.9475609756,16.428571428571427,Irregular,High-Value Buyer,Medium Retailer,2024-01-23,2025-12-13,32
HB_SPA001,Spaza Rama Shop,George,41,64153.0,14266656.41,347967.2295121951,16.926829268292682,Irregular,High-Value Buyer,Medium Retailer,2024-01-24,2025-12-18,28
HB_ECO001,Econofoods,George,42,63505.0,14747015.0,351119.40476190473,7.05,Monthly,High-Value Buyer,Medium Retailer,2025-03-12,2025-12-19,31
HB_MAD009,Madiba Discount Store,George,47,55514.0,11539266.669999998,245516.31212765953,14.625,Irregular,High-Value Buyer,Medium Retailer,2024-01-17,2025-12-19,38
HB_PLA001,Plate C$carry,George,39,69592.0,15563046.4,399052.4717948718,17.5,Irregular,High-Value Buyer,Medium Retailer,2024-01-18,2025-12-18,32
HB_AWD001,Awdal Cash Stire,George,39,43740.0,8337007.45,213769.4217948718,17.097560975609756,Irregular,High-Value Buyer,Medium Retailer,2024-01-18,2025-12-19,31
HB_LII001,LIIBAAN SHOP,George,6,1371.0,338861.0,56476.833333333336,82.33333333333333,Irregular,High-Value Buyer,Small Retailer,2024-01-22,2025-05-30,7
471,V7 SUPERMARKET,Polokwane,79,87127.0,23057637.564553846,291868.82993106137,4.635135135135135,Bi-weekly,High-Value Buyer,Medium Retailer,2025-01-13,2025-12-22,46
497,B CRON TRADING PTY LTD T/A U-CHOICE CC POLOKWANE,Polokwane,71,85905.0,20574566.912405543,289782.63256909215,4.957142857142857,Bi-weekly,High-Value Buyer,Medium Retailer,2025-01-09,2025-12-22,43
482,SARFARAAZ TRADING POLOKWANE,Polokwane,60,87053.0,17560975.1426544,292682.91904424,5.864406779661017,Monthly,High-Value Buyer,Medium Retailer,2025-01-10,2025-12-22,41
441,OK FOODS POLOKWANE,Polokwane,57,57291.0,12801283.09,224583.91385964912,6.160714285714286,Monthly,High-Value Buyer,Medium Retailer,2025-01-08,2025-12-19,40
513,ROYAL SUPERMRKET MOKOPANE,Polokwane,97,110969.0,26588941.720000003,274112.8012371134,3.897727272727273,Bi-weekly,Bulk Buyer,Bulk/Wholesale,2025-01-10,2025-12-19,44
485,SUPER SAVE POLOKWANE,Polokwane,66,100110.0,21855497.41993846,331143.9003020979,5.3076923076923075,Bi-weekly,Bulk Buyer,Bulk/Wholesale,2025-01-08,2025-12-19,41
454,FOOD HYPER MOKOPANE,Polokwane,59,69717.0,15980207.642769232,270850.9769960887,5.931034482758621,Monthly,High-Value Buyer,Medium Retailer,2025-01-10,2025-12-20,42
27,A1 SUPERMARKET,Polokwane,40,31882.0,6221659.14,155541.4785,8.564102564102564,Monthly,High-Value Buyer,Medium Retailer,2025-01-22,2025-12-22,32
511,UNIMART SUPERMARKET JANE FURSE (PTY) LTD,Polokwane,69,69319.0,14222357.280419528,206121.12000608013,5.384615384615385,Monthly,High-Value Buyer,Medium Retailer,2025-01-06,2025-12-22,40
504,MONA AHMED TRADING T/A CHEAP CHEAP ATOK,Polokwane,56,38697.0,10503407.48,187560.84785714286,6.351851851851852,Monthly,High-Value Buyer,Medium Retailer,2025-01-13,2025-12-22,37
240,EBIESONS SUPER MARKET,Polokwane,44,37338.0,7004598.25,159195.41477272726,8.069767441860465,Monthly,High-Value Buyer,Medium Retailer,2025-01-09,2025-12-22,33
366,MARKET PLACE TZANEEN,Polokwane,48,54112.0,12698638.244584616,264554.96342884615,7.0212765957446805,Monthly,High-Value Buyer,Medium Retailer,2025-01-23,2025-12-19,33
433,ZCW TRADING (PTY) LTD - MEAT & CHICKEN GROBLERSDAL,Polokwane,50,61243.0,12142841.237370552,242856.82474741104,7.166666666666667,Monthly,High-Value Buyer,Medium Retailer,2025-01-09,2025-12-19,38
322,METCASH T/A FRONTLINE HYPER,Cape Town,61,60004.0,12851832.66,210685.7813114754,5.766666666666667,Monthly,High-Value Buyer,Medium Retailer,2025-01-10,2025-12-22,39
977,ELDORADO CASH & CARRY,Cape Town,16,12117.0,2630719.7,164419.98125,8.933333333333334,Bi-weekly,High-Value Buyer,Medium Retailer,2025-08-08,2025-12-20,15
311,SAVOY SUPERMARKET,Cape Town,42,41445.0,9946341.5,236817.65476190476,8.439024390243903,Monthly,High-Value Buyer,Medium Retailer,2025-01-07,2025-12-19,34
976,MAMBO CASH & CARRY,Cape Town,13,5508.0,1368197.8900000001,105245.99153846155,10.333333333333334,Monthly,High-Value Buyer,Small Retailer,2025-08-18,2025-12-20,11
494,BAFANA BAFANA WHOLESALERS TZANEEN,Polokwane,26,31957.0,6040833.869723077,232339.76422011835,8.16,Sporadic,High-Value Buyer,Medium Retailer,2025-05-29,2025-12-19,17
479,ONE BY ONE MARKET (PTY) LTD,Polokwane,10,5610.0,1062573.0,106257.3,12.666666666666666,Monthly,High-Value Buyer,Medium Retailer,2025-08-28,2025-12-20,9
HB_DFS001,Cash & Carry DF Scott,George,44,80313.0,16699081.440000001,379524.5781818182,6.558139534883721,Sporadic,High-Value Buyer,Medium Retailer,2025-03-12,2025-12-19,27
HB_CHE002,Cheap Cheap Shop,George,30,36912.0,6117103.550000001,203903.4516666667,23.233333333333334,Irregular,High-Value Buyer,Medium Retailer,2024-01-23,2025-12-20,28
HB_PRO001,Protea Supersave,George,31,30195.0,9765949.8,315030.63870967744,22.70967741935484,Irregular,High-Value Buyer,Medium Retailer,2024-01-16,2025-12-20,23
HB_KWL001,Kwllos Shop,George,22,25387.0,6416285.5,291649.3409090909,32.0,Irregular,High-Value Buyer,Medium Retailer,2024-01-18,2025-12-22,20
HB_TAW004,Tawakal Cash Store,George,33,38636.0,10325097.24,312881.73454545456,21.78125,Irregular,High-Value Buyer,Medium Retailer,2024-01-25,2025-12-22,21
HB_SAF001,Safeway Super Market Themplethu,George,21,42390.0,8226635.0,391744.5238095238,11.55,Irregular,High-Value Buyer,Large Retailer,2025-05-02,2025-12-19,17
154,KING HARDWARE & STEEL EVATON,Hardware,96,72712.0,8706585.6,90693.59999999999,5.722222222222222,Sporadic,High-Value Buyer,Medium Retailer,2025-02-11,2025-12-17,26
96,ZA BUILDERS & STEEL,Hardware,819,346279.0,43609948.0,53247.79975579976,1.8837209302325582,Monthly,Bulk Buyer,Bulk/Wholesale,2025-02-01,2025-12-22,35
141,HAJI YAMIN & SONS (PTY) LTD,Hardware,202,131447.0,12374761.42,61261.19514851485,3.027027027027027,Monthly,Bulk Buyer,Bulk/Wholesale,2025-01-20,2025-12-22,35
123,DENENPINE PTY LTD,Hardware,86,49088.0,4937760.0,57415.813953488374,7.155555555555556,Sporadic,High-Value Buyer,Medium Retailer,2025-02-01,2025-12-20,20
44,YUSUF BUILDING MATERIAL CC,Hardware,67,90960.0,29814000.0,444985.0746268657,6.173076923076923,Sporadic,High-Value Buyer,Medium Retailer,2025-02-05,2025-12-23,30
125,ALLIED HOME CENTRE,Hardware,64,12740.0,17120800.0,267512.5,5.732142857142857,Sporadic,High-Value Buyer,Small Retailer,2025-02-04,2025-12-22,33
46,LENASIA QUICK BUILD,Hardware,384,473837.0,75577124.0,196815.42708333334,2.0440251572327046,Monthly,Bulk Buyer,Bulk/Wholesale,2025-02-01,2025-12-23,35
115,MH MAGNAT PTY LTD,Hardware,82,99657.0,15142782.0,184668.07317073172,5.517241379310345,Sporadic,High-Value Buyer,Medium Retailer,2025-02-01,2025-12-18,34
164,A HARDWARE MOKALE,Hardware,50,43244.0,5487780.0,109755.6,21.357142857142858,Irregular,High-Value Buyer,Medium Retailer,2025-02-12,2025-12-08,10
28,WALK IN CASH,Hardware,87,12077.0,2005316.6,23049.616091954023,5.517241379310345,Sporadic,Frequent Buyer,Small Retailer,2025-02-06,2025-12-23,28
200,Rehan Z Hardware,Hardware,60,21774.0,3833892.0,63898.2,12.333333333333334,Irregular,High-Value Buyer,Small Retailer,2025-02-18,2025-12-11,16
108,WELGEVAL HARDWARE,Hardware,23,6576.0,1839818.0,79992.08695652174,13.5,Irregular,High-Value Buyer,Small Retailer,2025-02-18,2025-12-12,18
75,GEEDGALE TRADING PTY (LTD),Hardware,203,91210.0,11701563.6,57643.17044334975,2.981651376146789,Monthly,High-Value Buyer,Small Retailer,2025-02-01,2025-12-23,35
19,MUNAAF HARDWARE,Hardware,16,1601.0,2018300.0,126143.75,19.933333333333334,Irregular,High-Value Buyer,Small Retailer,2025-02-10,2025-12-06,13
142,NTAOLENG,Hardware,74,15101.0,1927096.74,26041.84783783784,6.588235294117647,Sporadic,Frequent Buyer,Small Retailer,2025-01-20,2025-12-22,27
30,EXPORT & IMPORT MOVEMENT CC,Hardware,43,43800.0,10190916.0,236998.0465116279,7.780487804878049,Sporadic,High-Value Buyer,Medium Retailer,2025-02-04,2025-12-20,29
176,DAWSONS HARDWARE LYDENBURG,Hardware,24,25488.0,3866992.0,161124.66666666666,33.22222222222222,Irregular,High-Value Buyer,Medium Retailer,2025-02-14,2025-12-10,8
64,APEL BUILDERS HARDWARE,Hardware,6,600.0,750000.0,125000.0,59.4,Irregular,High-Value Buyer,Small Retailer,2025-02-17,2025-12-11,6
299,DH CONSTRUCTION & PROJECT MANAGEMENT,Hardware,30,18276.0,2995368.0,99845.6,18.823529411764707,Irregular,High-Value Buyer,Medium Retailer,2025-02-01,2025-12-18,10
26,SANDOL NUR FARAH,Hardware,12,402.0,304500.0,25375.0,29.09090909090909,Irregular,Regular Buyer,Small Retailer,2025-02-01,2025-12-18,10
119,MEGA ZZBM,Hardware,12,5982.0,855900.0,71325.0,29.181818181818183,Irregular,High-Value Buyer,Small Retailer,2025-02-01,2025-12-19,10
1,PAPATA HARDWARE CC,Hardware,30,19866.0,2030580.0,67686.0,18.941176470588236,Irregular,High-Value Buyer,Medium Retailer,2025-02-01,2025-12-20,14
251,ACE DISTRIBUTORS POLOKWANE,Hardware,72,53393.0,20116580.0,279396.94444444444,11.137931034482758,Irregular,High-Value Buyer,Medium Retailer,2025-02-03,2025-12-23,13
576,7 DAYS BIG AND SAVE SHOP,Gauteng,9,2437.0,493208.2,54800.91111111111,46.142857142857146,Irregular,High-Value Buyer,Small Retailer,2025-01-30,2025-12-19,7
161,FAYSAL ETHOIUPIAN MACAWIYE,Gauteng,26,21244.0,3698790.57,142261.17576923076,15.318181818181818,Sporadic,High-Value Buyer,Medium Retailer,2025-01-17,2025-12-20,18
465,ETHIO,Gauteng,12,989.0,300248.13,25020.6775,29.363636363636363,Irregular,Regular Buyer,Small Retailer,2025-01-29,2025-12-18,10
109,NINE STARS,Gauteng,11,6428.0,822102.1699999999,74736.5609090909,34.4,Irregular,High-Value Buyer,Medium Retailer,2025-01-10,2025-12-20,9
405,DIAPER WORLD,Gauteng,9,803.0,191655.22999999998,21295.025555555552,42.0,Irregular,Occasional Buyer,Small Retailer,2025-01-16,2025-12-18,8
888,DR MS NALLA,Gauteng,12,995.0,183082.59999999998,15256.883333333331,30.636363636363637,Irregular,Regular Buyer,Small Retailer,2025-01-17,2025-12-20,10
424,HILLBROW SPAR,Gauteng,11,2507.0,576362.69,52396.60818181818,38.111111111111114,Irregular,High-Value Buyer,Small Retailer,2025-01-10,2025-12-19,7
348,UNIMART HYPERMARKET MIDRAND,Gauteng,18,22147.0,4061365.66,225631.42555555556,19.529411764705884,Irregular,High-Value Buyer,Medium Retailer,2025-01-22,2025-12-20,15
705,SWAZI INN GENERAL DEALER,Gauteng,9,2392.0,592179.52,65797.72444444445,42.625,Irregular,High-Value Buyer,Small Retailer,2025-01-13,2025-12-20,8
590,HAJI FAMILY SUPERMARKET,Gauteng,24,3464.0,706882.04,29453.418333333335,17.25,Irregular,Regular Buyer,Small Retailer,2025-01-08,2025-12-19,14
425,MUDAU TUCKSHOP,Gauteng,11,766.0,151860.18,13805.47090909091,38.22222222222222,Irregular,Regular Buyer,Small Retailer,2025-01-09,2025-12-19,8
600,tawakal 2 shop,Gauteng,12,7687.0,2375294.85,197941.23750000002,35.888888888888886,Irregular,High-Value Buyer,Medium Retailer,2025-01-30,2025-12-19,8
192,FOREMOST,Gauteng,13,1877.0,354846.77,27295.905384615387,27.75,Irregular,Regular Buyer,Small Retailer,2025-01-21,2025-12-20,12
324,AVOCADO WINNIE TUCKSHOP,Gauteng,21,4037.0,888393.68,42304.460952380956,20.235294117647058,Irregular,Regular Buyer,Small Retailer,2025-01-09,2025-12-19,11
172,R10 SHOP,Gauteng,17,3290.0,825876.2899999999,48580.958235294114,22.933333333333334,Irregular,Regular Buyer,Small Retailer,2025-01-10,2025-12-20,11
625,NEW RETHABILE SUPERMARKET,Gauteng,11,671.0,215273.4,19570.30909090909,33.7,Irregular,Regular Buyer,Small Retailer,2025-01-17,2025-12-20,9
207,FREEDOM GENERAL DEALER 2,Gauteng,10,3673.0,639543.36,63954.335999999996,36.111111111111114,Irregular,High-Value Buyer,Small Retailer,2025-01-29,2025-12-20,9
706,RAINBOW HAWKERS CASH AND CARRY,Gauteng,15,7123.0,1119677.2200000002,74645.14800000002,24.642857142857142,Irregular,High-Value Buyer,Small Retailer,2025-01-09,2025-12-20,13
210,FOOD EXPRESS,Gauteng,14,3463.0,495595.23,35399.65928571428,26.153846153846153,Irregular,Regular Buyer,Small Retailer,2025-01-14,2025-12-20,10
HB_LUC003,Lucy Shop Themp,George,7,10443.0,1879385.6,268483.65714285715,6.0,Weekly,High-Value Buyer,Medium Retailer,2025-11-11,2025-12-17,6
421,CHOICE 786 HAWKERS CENTRE DZANANI,Polokwane,19,16706.0,4631403.6,243758.0842105263,19.055555555555557,Irregular,High-Value Buyer,Medium Retailer,2025-01-11,2025-12-20,15
127,ASAD HARDWARE KWAMHLANGA,Hardware,17,14897.0,2409770.0,141751.17647058822,20.125,Irregular,High-Value Buyer,Medium Retailer,2025-02-03,2025-12-22,9
33,KULANI HARDWARE,Hardware,6,4182.0,384540.0,64090.0,63.8,Irregular,High-Value Buyer,Medium Retailer,2025-02-04,2025-12-20,6
898,TRIPLE CREST TRADING,Cape Town,9,14291.0,3302702.0,366966.8888888889,19.75,Irregular,High-Value Buyer,Medium Retailer,2025-01-23,2025-06-30,9
912,N AND F COSMETICS,Cape Town,4,1193.0,333386.0,83346.5,9.333333333333334,Bi-weekly,High-Value Buyer,Small Retailer,2025-02-22,2025-03-22,4
657,SUPERSET NETWORK STRATEGIES CC,Gauteng,22,43656.0,10215952.33,464361.46954545454,7.9,Sporadic,High-Value Buyer,Medium Retailer,2025-01-21,2025-06-28,13
641,Y&M SUPERMARKET,Gauteng,3,370.0,159140.0,53046.666666666664,5.0,Bi-weekly,High-Value Buyer,Small Retailer,2025-01-20,2025-01-30,2
20448,ZVAKANAKA SUPERMARKET,Gauteng,1,8.0,1459.96,1459.96,,One-time,Occasional Buyer,Small Retailer,2025-01-20,2025-01-20,1
HB_SAV010,Save To Save,George,3,1493.0,201151.0,67050.33333333333,29.5,Irregular,High-Value Buyer,Small Retailer,2025-01-07,2025-03-07,2
HB_BAK002,Bakaal Cash Store,George,2,4460.0,897040.0,448520.0,183.0,Irregular,High-Value Buyer,Large Retailer,2024-01-22,2025-01-22,3
HB_CEN001,Centerpoint Minimarket,George,3,4957.0,1100460.8333375,366820.27777916664,102.75,Irregular,High-Value Buyer,Medium Retailer,2024-01-15,2025-03-01,4
HB_COM006,Community ShopNo1,George,2,3516.0,621171.0,310585.5,213.5,Irregular,High-Value Buyer,Medium Retailer,2024-01-16,2025-03-18,3
HB_CIT001,City Shop No2,George,1,3200.0,1113600.0,1113600.0,366.0,Sporadic,High-Value Buyer,Large Retailer,2024-01-17,2025-01-17,2
HB_BIS001,Bismillah Shop2,George,1,5240.0,881170.0,881170.0,366.0,Sporadic,High-Value Buyer,Large Retailer,2024-01-18,2025-01-18,2
HB_SAV002,Savemore Tuckshop,George,3,3602.0,352844.0,117614.66666666667,143.33333333333334,Irregular,High-Value Buyer,Medium Retailer,2024-01-20,2025-03-25,4
HB_CAS001,Cash by Counter Shop,George,5,3070.0,993986.0,198797.2,86.4,Irregular,High-Value Buyer,Medium Retailer,2024-01-20,2025-03-27,6
HB_ETH002,ETHIOPIAN BROTHERS SHOP,George,2,5894.0,1683753.4,841876.7,125.0,Irregular,High-Value Buyer,Large Retailer,2024-01-20,2025-01-29,4
HB_MOO001,MOONLIGHT SHOP,George,6,4860.0,899273.0,149878.83333333334,61.714285714285715,Irregular,High-Value Buyer,Medium Retailer,2024-01-21,2025-03-28,8
HB_NEP001,NEPON CORNER SHOP,George,2,1600.0,260270.0,130135.0,215.0,Irregular,High-Value Buyer,Medium Retailer,2024-01-21,2025-03-26,3
HB_ROC001,ROCKYS STORE,George,1,120.0,178800.0,178800.0,366.0,Sporadic,High-Value Buyer,Small Retailer,2024-01-24,2025-01-24,2
HB_SUP001,Super One,George,1,4530.0,1506920.0,1506920.0,366.0,Sporadic,High-Value Buyer,Large Retailer,2024-01-31,2025-01-31,2
892,LEMLEN GENERAL DEALER,Cape Town,3,1355.0,229874.5,76624.83333333333,8.0,Bi-weekly,High-Value Buyer,Small Retailer,2025-03-08,2025-03-24,3
776,MDU & LOVE MORE,Cape Town,2,519.0,95128.0,47564.0,10.0,Bi-weekly,Occasional Buyer,Small Retailer,2025-03-10,2025-03-20,2
HB_HAP001,Happy People Shop,George,2,1002.0,384264.0,192132.0,20.0,Monthly,High-Value Buyer,Medium Retailer,2025-10-01,2025-10-21,2
HB_MYE001,MYEEM SUPERMARKET,George,3,5383.0,2145211.0,715070.3333333334,3.5,Weekly,High-Value Buyer,Medium Retailer,2025-10-08,2025-10-15,2
